timestamp,speed_kph
0.00,0.000000
0.01,0.000000
0.02,0.000000
0.03,0.000000
0.04,0.000000
0.05,0.000000
0.06,0.000000
0.07,0.000000
0.08,0.000000
0.09,0.000000
0.10,0.000000
0.11,0.000000
0.12,0.000000
0.13,0.000000
0.14,0.000000
0.15,0.000000
0.16,0.000000
0.17,0.000000
0.18,0.000000
0.19,0.000000
0.20,0.000000
0.21,0.000000
0.22,0.000000
0.23,0.000000
0.24,0.000000
0.25,0.000000
0.26,0.000000
0.27,0.000000
0.28,0.000000
0.29,0.000000
0.30,0.000000
0.31,0.000000
0.32,0.000000
0.33,0.000000
0.34,0.000000
0.35,0.000000
0.36,0.000000
0.37,0.000000
0.38,0.000000
0.39,0.000000
0.40,0.000000
0.41,0.000000
0.42,0.000000
0.43,0.000000
0.44,0.000000
0.45,0.000000
0.46,0.000000
0.47,0.000000
0.48,0.000000
0.49,0.000000
0.50,0.000000
0.51,0.000000
0.52,0.000000
0.53,0.000000
0.54,0.000000
0.55,0.000000
0.56,0.000000
0.57,0.000000
0.58,0.000000
0.59,0.000000
0.60,0.000000
0.61,0.000000
0.62,0.000000
0.63,0.000000
0.64,0.000000
0.65,0.000000
0.66,0.000000
0.67,0.000000
0.68,0.000000
0.69,0.000000
0.70,0.000000
0.71,0.000000
0.72,0.000000
0.73,0.000000
0.74,0.000000
0.75,0.000000
0.76,0.000000
0.77,0.000000
0.78,0.000000
0.79,0.000000
0.80,0.000000
0.81,0.000000
0.82,0.000000
0.83,0.000000
0.84,0.000000
0.85,0.000000
0.86,0.000000
0.87,0.000000
0.88,0.000000
0.89,0.000000
0.90,0.000000
0.91,0.000000
0.92,0.000000
0.93,0.000000
0.94,0.000000
0.95,0.000000
0.96,0.000000
0.97,0.000000
0.98,0.000000
0.99,0.000000
1.00,0.000000
1.01,0.000000
1.02,0.000000
1.03,0.000000
1.04,0.000000
1.05,0.000000
1.06,0.000000
1.07,0.000000
1.08,0.000000
1.09,0.000000
1.10,0.000000
1.11,0.000000
1.12,0.000000
1.13,0.000000
1.14,0.000000
1.15,0.000000
1.16,0.000000
1.17,0.000000
1.18,0.000000
1.19,0.000000
1.20,0.000000
1.21,0.000000
1.22,0.000000
1.23,0.000000
1.24,0.000000
1.25,0.000000
1.26,0.000000
1.27,0.000000
1.28,0.000000
1.29,0.000000
1.30,0.000000
1.31,0.000000
1.32,0.000000
1.33,0.000000
1.34,0.000000
1.35,0.000000
1.36,0.000000
1.37,0.000000
1.38,0.000000
1.39,0.000000
1.40,0.000000
1.41,0.000000
1.42,0.000000
1.43,0.000000
1.44,0.000000
1.45,0.000000
1.46,0.000000
1.47,0.000000
1.48,0.000000
1.49,0.000000
1.50,0.000000
1.51,0.000000
1.52,0.000000
1.53,0.000000
1.54,0.000000
1.55,0.000000
1.56,0.000000
1.57,0.000000
1.58,0.000000
1.59,0.000000
1.60,0.000000
1.61,0.000000
1.62,0.000000
1.63,0.000000
1.64,0.000000
1.65,0.000000
1.66,0.000000
1.67,0.000000
1.68,0.000000
1.69,0.000000
1.70,0.000000
1.71,0.000000
1.72,0.000000
1.73,0.000000
1.74,0.000000
1.75,0.000000
1.76,0.000000
1.77,0.000000
1.78,0.000000
1.79,0.000000
1.80,0.000000
1.81,0.000000
1.82,0.000000
1.83,0.000000
1.84,0.000000
1.85,0.000000
1.86,0.000000
1.87,0.000000
1.88,0.000000
1.89,0.000000
1.90,0.000000
1.91,0.000000
1.92,0.000000
1.93,0.000000
1.94,0.000000
1.95,0.000000
1.96,0.000000
1.97,0.000000
1.98,0.000000
1.99,0.000000
2.00,0.000000
2.01,0.000000
2.02,0.000000
2.03,0.000000
2.04,0.000000
2.05,0.000000
2.06,0.000000
2.07,0.000000
2.08,0.000000
2.09,0.000000
2.10,0.000000
2.11,0.000000
2.12,0.000000
2.13,0.000000
2.14,0.000000
2.15,0.000000
2.16,0.000000
2.17,0.000000
2.18,0.000000
2.19,0.000000
2.20,0.000000
2.21,0.000000
2.22,0.000000
2.23,0.000000
2.24,0.000000
2.25,0.000000
2.26,0.000000
2.27,0.000000
2.28,0.000000
2.29,0.000000
2.30,0.000000
2.31,0.000000
2.32,0.000000
2.33,0.000000
2.34,0.000000
2.35,0.000000
2.36,0.000000
2.37,0.000000
2.38,0.000000
2.39,0.000000
2.40,0.000000
2.41,0.000000
2.42,0.000000
2.43,0.000000
2.44,0.000000
2.45,0.000000
2.46,0.000000
2.47,0.000000
2.48,0.000000
2.49,0.000000
2.50,0.000000
2.51,0.000000
2.52,0.000000
2.53,0.000000
2.54,0.000000
2.55,0.000000
2.56,0.000000
2.57,0.000000
2.58,0.000000
2.59,0.000000
2.60,0.000000
2.61,0.000000
2.62,0.000000
2.63,0.000000
2.64,0.000000
2.65,0.000000
2.66,0.000000
2.67,0.000000
2.68,0.000000
2.69,0.000000
2.70,0.000000
2.71,0.000000
2.72,0.000000
2.73,0.000000
2.74,0.000000
2.75,0.000000
2.76,0.000000
2.77,0.000000
2.78,0.000000
2.79,0.000000
2.80,0.000000
2.81,0.000000
2.82,0.000000
2.83,0.000000
2.84,0.000000
2.85,0.000000
2.86,0.000000
2.87,0.000000
2.88,0.000000
2.89,0.000000
2.90,0.000000
2.91,0.000000
2.92,0.000000
2.93,0.000000
2.94,0.000000
2.95,0.000000
2.96,0.000000
2.97,0.000000
2.98,0.000000
2.99,0.000000
3.00,0.000000
3.01,0.065880
3.02,0.131760
3.03,0.197640
3.04,0.263520
3.05,0.329399
3.06,0.395279
3.07,0.461158
3.08,0.527037
3.09,0.592916
3.10,0.658795
3.11,0.724673
3.12,0.790551
3.13,0.856428
3.14,0.922305
3.15,0.988182
3.16,1.054058
3.17,1.119933
3.18,1.185808
3.19,1.251682
3.20,1.317555
3.21,1.383428
3.22,1.449300
3.23,1.515171
3.24,1.581042
3.25,1.646911
3.26,1.712780
3.27,1.778648
3.28,1.844515
3.29,1.910381
3.30,1.976245
3.31,2.042109
3.32,2.107972
3.33,2.173833
3.34,2.239693
3.35,2.305553
3.36,2.371410
3.37,2.437267
3.38,2.503122
3.39,2.568976
3.40,2.634829
3.41,2.700680
3.42,2.766529
3.43,2.832377
3.44,2.898224
3.45,2.964069
3.46,3.029912
3.47,3.095754
3.48,3.161594
3.49,3.227433
3.50,3.293269
3.51,3.359104
3.52,3.424937
3.53,3.490768
3.54,3.556597
3.55,3.622425
3.56,3.688250
3.57,3.754073
3.58,3.819895
3.59,3.885714
3.60,3.951531
3.61,4.017346
3.62,4.083158
3.63,4.148969
3.64,4.214777
3.65,4.280583
3.66,4.346387
3.67,4.412188
3.68,4.477987
3.69,4.543784
3.70,4.609578
3.71,4.675369
3.72,4.741158
3.73,4.806944
3.74,4.872728
3.75,4.938509
3.76,5.004287
3.77,5.070063
3.78,5.135836
3.79,5.201606
3.80,5.267373
3.81,5.333138
3.82,5.398899
3.83,5.464658
3.84,5.530413
3.85,5.596166
3.86,5.661915
3.87,5.727662
3.88,5.793405
3.89,5.859145
3.90,5.924882
3.91,5.990616
3.92,6.056346
3.93,6.122074
3.94,6.187797
3.95,6.253518
3.96,6.319235
3.97,6.384949
3.98,6.450659
3.99,6.516365
4.00,6.582068
4.01,6.647768
4.02,6.713464
4.03,6.779156
4.04,6.844844
4.05,6.910529
4.06,6.976210
4.07,7.041888
4.08,7.107561
4.09,7.173230
4.10,7.238896
4.11,7.304558
4.12,7.370215
4.13,7.435869
4.14,7.501519
4.15,7.567164
4.16,7.632806
4.17,7.698443
4.18,7.764076
4.19,7.829705
4.20,7.895329
4.21,7.960950
4.22,8.026565
4.23,8.092177
4.24,8.157784
4.25,8.223387
4.26,8.288985
4.27,8.354579
4.28,8.420168
4.29,8.485753
4.30,8.551333
4.31,8.616908
4.32,8.682479
4.33,8.748044
4.34,8.813606
4.35,8.879162
4.36,8.944713
4.37,9.010260
4.38,9.075802
4.39,9.141339
4.40,9.206870
4.41,9.272397
4.42,9.337919
4.43,9.403436
4.44,9.468947
4.45,9.534454
4.46,9.599955
4.47,9.665451
4.48,9.730942
4.49,9.796427
4.50,9.861907
4.51,9.927382
4.52,9.992851
4.53,10.058315
4.54,10.123774
4.55,10.189227
4.56,10.254674
4.57,10.320116
4.58,10.385552
4.59,10.450983
4.60,10.516408
4.61,10.581827
4.62,10.647240
4.63,10.712648
4.64,10.778050
4.65,10.843446
4.66,10.908836
4.67,10.974220
4.68,11.039598
4.69,11.104970
4.70,11.170336
4.71,11.235697
4.72,11.301051
4.73,11.366398
4.74,11.431740
4.75,11.497076
4.76,11.562405
4.77,11.627728
4.78,11.693044
4.79,11.758355
4.80,11.823659
4.81,11.888956
4.82,11.954247
4.83,12.019532
4.84,12.084810
4.85,12.150081
4.86,12.215346
4.87,12.280604
4.88,12.345856
4.89,12.411101
4.90,12.476339
4.91,12.541571
4.92,12.606795
4.93,12.672013
4.94,12.737224
4.95,12.802428
4.96,12.867625
4.97,12.932815
4.98,12.997998
4.99,13.063174
5.00,13.128343
5.01,13.193505
5.02,13.258660
5.03,13.323807
5.04,13.388948
5.05,13.454081
5.06,13.519206
5.07,13.584325
5.08,13.649436
5.09,13.714540
5.10,13.779636
5.11,13.844725
5.12,13.909806
5.13,13.974880
5.14,14.039946
5.15,14.105005
5.16,14.170056
5.17,14.235099
5.18,14.300135
5.19,14.365163
5.20,14.430183
5.21,14.495196
5.22,14.560200
5.23,14.625197
5.24,14.690186
5.25,14.755166
5.26,14.820139
5.27,14.885104
5.28,14.950061
5.29,15.015010
5.30,15.079950
5.31,15.144883
5.32,15.209807
5.33,15.274723
5.34,15.339631
5.35,15.404531
5.36,15.469422
5.37,15.534305
5.38,15.599179
5.39,15.664045
5.40,15.728903
5.41,15.793752
5.42,15.858593
5.43,15.923425
5.44,15.988248
5.45,16.053063
5.46,16.117870
5.47,16.182667
5.48,16.247456
5.49,16.312236
5.50,16.377007
5.51,16.441770
5.52,16.506523
5.53,16.571268
5.54,16.636004
5.55,16.700731
5.56,16.765449
5.57,16.830158
5.58,16.894857
5.59,16.959548
5.60,17.024230
5.61,17.088902
5.62,17.153565
5.63,17.218219
5.64,17.282864
5.65,17.347499
5.66,17.412125
5.67,17.476742
5.68,17.541349
5.69,17.605947
5.70,17.670536
5.71,17.735115
5.72,17.799684
5.73,17.864244
5.74,17.928794
5.75,17.993335
5.76,18.057866
5.77,18.122387
5.78,18.186899
5.79,18.251401
5.80,18.315893
5.81,18.380375
5.82,18.444847
5.83,18.509310
5.84,18.573762
5.85,18.638205
5.86,18.702637
5.87,18.767060
5.88,18.831472
5.89,18.895875
5.90,18.960267
5.91,19.024649
5.92,19.089021
5.93,19.153383
5.94,19.217734
5.95,19.282076
5.96,19.346406
5.97,19.410727
5.98,19.475037
5.99,19.539337
6.00,19.603626
6.01,19.667905
6.02,19.732173
6.03,19.796430
6.04,19.860678
6.05,19.924914
6.06,19.989140
6.07,20.053355
6.08,20.117559
6.09,20.181753
6.10,20.245936
6.11,20.310108
6.12,20.374269
6.13,20.438420
6.14,20.502559
6.15,20.566688
6.16,20.630805
6.17,20.694912
6.18,20.759007
6.19,20.823092
6.20,20.887165
6.21,20.951227
6.22,21.015278
6.23,21.079318
6.24,21.143347
6.25,21.207364
6.26,21.271370
6.27,21.335365
6.28,21.399348
6.29,21.463320
6.30,21.527281
6.31,21.591230
6.32,21.655167
6.33,21.719093
6.34,21.783008
6.35,21.846911
6.36,21.910802
6.37,21.974682
6.38,22.038550
6.39,22.102406
6.40,22.166250
6.41,22.230083
6.42,22.293904
6.43,22.357713
6.44,22.421510
6.45,22.485296
6.46,22.549069
6.47,22.612831
6.48,22.676580
6.49,22.740317
6.50,22.804043
6.51,22.867756
6.52,22.931457
6.53,22.995146
6.54,23.058823
6.55,23.122487
6.56,23.186140
6.57,23.249780
6.58,23.313407
6.59,23.377023
6.60,23.440626
6.61,23.504216
6.62,23.567794
6.63,23.631360
6.64,23.694913
6.65,23.758454
6.66,23.821982
6.67,23.885497
6.68,23.949000
6.69,24.012490
6.70,24.075968
6.71,24.139433
6.72,24.202885
6.73,24.266324
6.74,24.329750
6.75,24.393164
6.76,24.456565
6.77,24.519952
6.78,24.583327
6.79,24.646689
6.80,24.710038
6.81,24.773374
6.82,24.836697
6.83,24.900007
6.84,24.963303
6.85,25.026587
6.86,25.089857
6.87,25.153114
6.88,25.216358
6.89,25.279589
6.90,25.342806
6.91,25.406010
6.92,25.469200
6.93,25.532377
6.94,25.595541
6.95,25.658691
6.96,25.721828
6.97,25.784952
6.98,25.848061
6.99,25.911157
7.00,25.974240
7.01,26.037309
7.02,26.100364
7.03,26.163406
7.04,26.226433
7.05,26.289448
7.06,26.352448
7.07,26.415434
7.08,26.478407
7.09,26.541366
7.10,26.604310
7.11,26.667241
7.12,26.730158
7.13,26.793061
7.14,26.855950
7.15,26.918825
7.16,26.981686
7.17,27.044532
7.18,27.107365
7.19,27.170183
7.20,27.232987
7.21,27.295777
7.22,27.358552
7.23,27.421314
7.24,27.484061
7.25,27.546793
7.26,27.609512
7.27,27.672215
7.28,27.734905
7.29,27.797580
7.30,27.860240
7.31,27.922886
7.32,27.985517
7.33,28.048134
7.34,28.110736
7.35,28.173323
7.36,28.235896
7.37,28.298454
7.38,28.360998
7.39,28.423526
7.40,28.486040
7.41,28.548539
7.42,28.611023
7.43,28.673492
7.44,28.735946
7.45,28.798386
7.46,28.860810
7.47,28.923220
7.48,28.985614
7.49,29.047993
7.50,29.110357
7.51,29.172707
7.52,29.235041
7.53,29.297359
7.54,29.359663
7.55,29.421951
7.56,29.484224
7.57,29.546482
7.58,29.608725
7.59,29.670952
7.60,29.733164
7.61,29.795360
7.62,29.857541
7.63,29.919707
7.64,29.981857
7.65,30.043991
7.66,30.106110
7.67,30.168214
7.68,30.230302
7.69,30.292374
7.70,30.354430
7.71,30.416471
7.72,30.478496
7.73,30.540506
7.74,30.602499
7.75,30.664477
7.76,30.726439
7.77,30.788386
7.78,30.850316
7.79,30.912230
7.80,30.974129
7.81,31.036011
7.82,31.097878
7.83,31.159728
7.84,31.221563
7.85,31.283381
7.86,31.345183
7.87,31.406970
7.88,31.468740
7.89,31.530493
7.90,31.592231
7.91,31.653952
7.92,31.715658
7.93,31.777346
7.94,31.839019
7.95,31.900675
7.96,31.962315
7.97,32.023938
7.98,32.085545
7.99,32.147136
8.00,32.208710
8.01,32.270267
8.02,32.331808
8.03,32.393332
8.04,32.454840
8.05,32.516331
8.06,32.577806
8.07,32.639264
8.08,32.700705
8.09,32.762129
8.10,32.823537
8.11,32.884928
8.12,32.946302
8.13,33.007659
8.14,33.069000
8.15,33.130323
8.16,33.191630
8.17,33.252919
8.18,33.314192
8.19,33.375448
8.20,33.436687
8.21,33.497908
8.22,33.559113
8.23,33.620300
8.24,33.681470
8.25,33.742624
8.26,33.803760
8.27,33.864878
8.28,33.925980
8.29,33.987064
8.30,34.048131
8.31,34.109181
8.32,34.170213
8.33,34.231228
8.34,34.292226
8.35,34.353206
8.36,34.414169
8.37,34.475114
8.38,34.536042
8.39,34.596952
8.40,34.657845
8.41,34.718720
8.42,34.779577
8.43,34.840417
8.44,34.901240
8.45,34.962044
8.46,35.022831
8.47,35.083600
8.48,35.144352
8.49,35.205085
8.50,35.265801
8.51,35.326499
8.52,35.387179
8.53,35.447842
8.54,35.508486
8.55,35.569112
8.56,35.629721
8.57,35.690311
8.58,35.750884
8.59,35.811438
8.60,35.871975
8.61,35.932493
8.62,35.992993
8.63,36.053476
8.64,36.113939
8.65,36.174385
8.66,36.234813
8.67,36.295222
8.68,36.355613
8.69,36.415986
8.70,36.476340
8.71,36.536677
8.72,36.596994
8.73,36.657294
8.74,36.717575
8.75,36.777837
8.76,36.838082
8.77,36.898307
8.78,36.958514
8.79,37.018703
8.80,37.078873
8.81,37.139025
8.82,37.199157
8.83,37.259272
8.84,37.319367
8.85,37.379444
8.86,37.439502
8.87,37.499542
8.88,37.559563
8.89,37.619565
8.90,37.679548
8.91,37.739512
8.92,37.799458
8.93,37.859385
8.94,37.919292
8.95,37.979181
8.96,38.039051
8.97,38.098902
8.98,38.158734
8.99,38.218547
9.00,38.278341
9.01,38.338116
9.02,38.397872
9.03,38.457608
9.04,38.517326
9.05,38.577024
9.06,38.636703
9.07,38.696363
9.08,38.756004
9.09,38.815626
9.10,38.875228
9.11,38.934811
9.12,38.994375
9.13,39.053919
9.14,39.113444
9.15,39.172950
9.16,39.232436
9.17,39.291902
9.18,39.351350
9.19,39.410778
9.20,39.470186
9.21,39.529575
9.22,39.588944
9.23,39.648294
9.24,39.707624
9.25,39.766934
9.26,39.826225
9.27,39.885496
9.28,39.944747
9.29,40.003979
9.30,40.063191
9.31,40.122383
9.32,40.181556
9.33,40.240709
9.34,40.299841
9.35,40.358954
9.36,40.418048
9.37,40.477121
9.38,40.536174
9.39,40.595208
9.40,40.654221
9.41,40.713214
9.42,40.772188
9.43,40.831141
9.44,40.890075
9.45,40.948988
9.46,41.007881
9.47,41.066755
9.48,41.125608
9.49,41.184440
9.50,41.243253
9.51,41.302046
9.52,41.360818
9.53,41.419570
9.54,41.478302
9.55,41.537013
9.56,41.595704
9.57,41.654375
9.58,41.713025
9.59,41.771656
9.60,41.830265
9.61,41.888855
9.62,41.947423
9.63,42.005972
9.64,42.064500
9.65,42.123007
9.66,42.181494
9.67,42.239960
9.68,42.298406
9.69,42.356831
9.70,42.415236
9.71,42.473620
9.72,42.531983
9.73,42.590326
9.74,42.648648
9.75,42.706949
9.76,42.765229
9.77,42.823489
9.78,42.881728
9.79,42.939946
9.80,42.998144
9.81,43.056320
9.82,43.114476
9.83,43.172610
9.84,43.230724
9.85,43.288817
9.86,43.346889
9.87,43.404940
9.88,43.462970
9.89,43.520979
9.90,43.578967
9.91,43.636934
9.92,43.694880
9.93,43.752805
9.94,43.810709
9.95,43.868591
9.96,43.926453
9.97,43.984293
9.98,44.042112
9.99,44.099910
10.00,44.157687
10.01,44.215442
10.02,44.273176
10.03,44.330889
10.04,44.388581
10.05,44.446251
10.06,44.503900
10.07,44.561527
10.08,44.619133
10.09,44.676718
10.10,44.734281
10.11,44.791823
10.12,44.849344
10.13,44.906843
10.14,44.964320
10.15,45.021776
10.16,45.079210
10.17,45.136623
10.18,45.194014
10.19,45.251384
10.20,45.308732
10.21,45.366058
10.22,45.423363
10.23,45.480646
10.24,45.537907
10.25,45.595147
10.26,45.652364
10.27,45.709561
10.28,45.766735
10.29,45.823887
10.30,45.881018
10.31,45.938127
10.32,45.995214
10.33,46.052279
10.34,46.109322
10.35,46.166344
10.36,46.223343
10.37,46.280321
10.38,46.337276
10.39,46.394210
10.40,46.451121
10.41,46.508011
10.42,46.564879
10.43,46.621724
10.44,46.678547
10.45,46.735349
10.46,46.792128
10.47,46.848885
10.48,46.905620
10.49,46.962333
10.50,47.019023
10.51,47.075692
10.52,47.132338
10.53,47.188962
10.54,47.245563
10.55,47.302143
10.56,47.358700
10.57,47.415235
10.58,47.471747
10.59,47.528237
10.60,47.584705
10.61,47.641151
10.62,47.697574
10.63,47.753974
10.64,47.810352
10.65,47.866708
10.66,47.923041
10.67,47.979352
10.68,48.035640
10.69,48.091906
10.70,48.148149
10.71,48.204370
10.72,48.260568
10.73,48.316743
10.74,48.372896
10.75,48.429027
10.76,48.485134
10.77,48.541219
10.78,48.597281
10.79,48.653321
10.80,48.709338
10.81,48.765332
10.82,48.821304
10.83,48.877252
10.84,48.933178
10.85,48.989081
10.86,49.044961
10.87,49.100819
10.88,49.156654
10.89,49.212465
10.90,49.268254
10.91,49.324020
10.92,49.379763
10.93,49.435483
10.94,49.491181
10.95,49.546855
10.96,49.602506
10.97,49.658135
10.98,49.713740
10.99,49.769322
11.00,49.824881
11.01,49.880417
11.02,49.935931
11.03,49.991421
11.04,50.046888
11.05,50.102331
11.06,50.157752
11.07,50.213149
11.08,50.268524
11.09,50.323875
11.10,50.379203
11.11,50.434508
11.12,50.489789
11.13,50.545047
11.14,50.600282
11.15,50.655494
11.16,50.710682
11.17,50.765848
11.18,50.820989
11.19,50.876108
11.20,50.931203
11.21,50.986275
11.22,51.041323
11.23,51.096348
11.24,51.151349
11.25,51.206328
11.26,51.261282
11.27,51.316213
11.28,51.371121
11.29,51.426005
11.30,51.480866
11.31,51.535703
11.32,51.590517
11.33,51.645307
11.34,51.700073
11.35,51.754816
11.36,51.809536
11.37,51.864231
11.38,51.918903
11.39,51.973552
11.40,52.028177
11.41,52.082778
11.42,52.137355
11.43,52.191909
11.44,52.246439
11.45,52.300945
11.46,52.355428
11.47,52.409887
11.48,52.464322
11.49,52.518733
11.50,52.573120
11.51,52.627484
11.52,52.681824
11.53,52.736140
11.54,52.790432
11.55,52.844700
11.56,52.898944
11.57,52.953165
11.58,53.007361
11.59,53.061534
11.60,53.115682
11.61,53.169807
11.62,53.223908
11.63,53.277984
11.64,53.332037
11.65,53.386066
11.66,53.440071
11.67,53.494051
11.68,53.548008
11.69,53.601940
11.70,53.655849
11.71,53.709733
11.72,53.763594
11.73,53.817430
11.74,53.871242
11.75,53.925030
11.76,53.978793
11.77,54.032533
11.78,54.086248
11.79,54.139939
11.80,54.193606
11.81,54.247249
11.82,54.300867
11.83,54.354462
11.84,54.408032
11.85,54.461577
11.86,54.515099
11.87,54.568596
11.88,54.622069
11.89,54.675517
11.90,54.728941
11.91,54.782341
11.92,54.835716
11.93,54.889067
11.94,54.942394
11.95,54.995696
11.96,55.048974
11.97,55.102227
11.98,55.155456
11.99,55.208661
12.00,55.261841
12.01,55.314996
12.02,55.368127
12.03,55.421234
12.04,55.474316
12.05,55.527374
12.06,55.580406
12.07,55.633415
12.08,55.686399
12.09,55.739358
12.10,55.792293
12.11,55.845203
12.12,55.898088
12.13,55.950949
12.14,56.003785
12.15,56.056597
12.16,56.109384
12.17,56.162146
12.18,56.214884
12.19,56.267596
12.20,56.320285
12.21,56.372948
12.22,56.425587
12.23,56.478201
12.24,56.530790
12.25,56.583354
12.26,56.635894
12.27,56.688409
12.28,56.740899
12.29,56.793364
12.30,56.845805
12.31,56.898220
12.32,56.950611
12.33,57.002977
12.34,57.055318
12.35,57.107635
12.36,57.159926
12.37,57.212192
12.38,57.264434
12.39,57.316650
12.40,57.368842
12.41,57.421009
12.42,57.473151
12.43,57.525267
12.44,57.577359
12.45,57.629426
12.46,57.681468
12.47,57.733485
12.48,57.785477
12.49,57.837444
12.50,57.889385
12.51,57.941302
12.52,57.993194
12.53,58.045060
12.54,58.096902
12.55,58.148718
12.56,58.200510
12.57,58.252276
12.58,58.304017
12.59,58.355733
12.60,58.407424
12.61,58.459090
12.62,58.510730
12.63,58.562346
12.64,58.613936
12.65,58.665501
12.66,58.717041
12.67,58.768555
12.68,58.820045
12.69,58.871509
12.70,58.922948
12.71,58.974362
12.72,59.025750
12.73,59.077113
12.74,59.128451
12.75,59.179764
12.76,59.231051
12.77,59.282313
12.78,59.333550
12.79,59.384761
12.80,59.435947
12.81,59.487108
12.82,59.538243
12.83,59.589353
12.84,59.640438
12.85,59.691497
12.86,59.742531
12.87,59.793539
12.88,59.844522
12.89,59.895480
12.90,59.946412
12.91,59.997319
12.92,60.048200
12.93,60.099056
12.94,60.149887
12.95,60.200692
12.96,60.251471
12.97,60.302225
12.98,60.352954
12.99,60.403657
13.00,60.454334
13.01,60.504986
13.02,60.555613
13.03,60.606214
13.04,60.656789
13.05,60.707339
13.06,60.757863
13.07,60.808362
13.08,60.858835
13.09,60.909282
13.10,60.959704
13.11,61.010100
13.12,61.060471
13.13,61.110816
13.14,61.161136
13.15,61.211429
13.16,61.261698
13.17,61.311940
13.18,61.362157
13.19,61.412348
13.20,61.462514
13.21,61.512654
13.22,61.562768
13.23,61.612856
13.24,61.662919
13.25,61.712956
13.26,61.762967
13.27,61.812953
13.28,61.862913
13.29,61.912847
13.30,61.962755
13.31,62.012638
13.32,62.062494
13.33,62.112325
13.34,62.162131
13.35,62.211910
13.36,62.261664
13.37,62.311392
13.38,62.361094
13.39,62.410770
13.40,62.460420
13.41,62.510045
13.42,62.559644
13.43,62.609216
13.44,62.658763
13.45,62.708285
13.46,62.757780
13.47,62.807249
13.48,62.856693
13.49,62.906111
13.50,62.955502
13.51,63.004868
13.52,63.054208
13.53,63.103522
13.54,63.152810
13.55,63.202072
13.56,63.251309
13.57,63.300519
13.58,63.349703
13.59,63.398862
13.60,63.447994
13.61,63.497101
13.62,63.546181
13.63,63.595236
13.64,63.644264
13.65,63.693267
13.66,63.742243
13.67,63.791194
13.68,63.840118
13.69,63.889017
13.70,63.937889
13.71,63.986736
13.72,64.035556
13.73,64.084350
13.74,64.133119
13.75,64.181861
13.76,64.230577
13.77,64.279267
13.78,64.327931
13.79,64.376569
13.80,64.425181
13.81,64.473767
13.82,64.522327
13.83,64.570860
13.84,64.619368
13.85,64.667849
13.86,64.716305
13.87,64.764734
13.88,64.813137
13.89,64.861514
13.90,64.909865
13.91,64.958189
13.92,65.006488
13.93,65.054760
13.94,65.103006
13.95,65.151226
13.96,65.199420
13.97,65.247588
13.98,65.295729
13.99,65.343844
14.00,65.391933
14.01,65.439996
14.02,65.488033
14.03,65.536044
14.04,65.584028
14.05,65.631986
14.06,65.679918
14.07,65.727823
14.08,65.775703
14.09,65.823556
14.10,65.871383
14.11,65.919183
14.12,65.966958
14.13,66.014706
14.14,66.062428
14.15,66.110124
14.16,66.157793
14.17,66.205436
14.18,66.253053
14.19,66.300643
14.20,66.348208
14.21,66.395746
14.22,66.443257
14.23,66.490743
14.24,66.538202
14.25,66.585635
14.26,66.633041
14.27,66.680421
14.28,66.727775
14.29,66.775103
14.30,66.822404
14.31,66.869679
14.32,66.916927
14.33,66.964149
14.34,67.011345
14.35,67.058515
14.36,67.105658
14.37,67.152775
14.38,67.199865
14.39,67.246929
14.40,67.293967
14.41,67.340978
14.42,67.387963
14.43,67.434922
14.44,67.481854
14.45,67.528760
14.46,67.575639
14.47,67.622492
14.48,67.669319
14.49,67.716119
14.50,67.762893
14.51,67.809641
14.52,67.856362
14.53,67.903056
14.54,67.949725
14.55,67.996366
14.56,68.042982
14.57,68.089571
14.58,68.136133
14.59,68.182669
14.60,68.229179
14.61,68.275662
14.62,68.322119
14.63,68.368549
14.64,68.414953
14.65,68.461331
14.66,68.507682
14.67,68.554006
14.68,68.600305
14.69,68.646576
14.70,68.692821
14.71,68.739040
14.72,68.785232
14.73,68.831398
14.74,68.877538
14.75,68.923650
14.76,68.969737
14.77,69.015797
14.78,69.061830
14.79,69.107837
14.80,69.153818
14.81,69.199771
14.82,69.245699
14.83,69.291600
14.84,69.337474
14.85,69.383322
14.86,69.429144
14.87,69.474939
14.88,69.520707
14.89,69.566449
14.90,69.612165
14.91,69.657854
14.92,69.703516
14.93,69.749152
14.94,69.794761
14.95,69.840344
14.96,69.885901
14.97,69.931430
14.98,69.976934
14.99,70.022411
15.00,70.067861
15.01,70.043085
15.02,70.018323
15.03,69.993575
15.04,69.968842
15.05,69.944124
15.06,69.919420
15.07,69.894730
15.08,69.870055
15.09,69.845394
15.10,69.820747
15.11,69.796115
15.12,69.771497
15.13,69.746894
15.14,69.722304
15.15,69.697729
15.16,69.673169
15.17,69.648622
15.18,69.624090
15.19,69.599572
15.20,69.575068
15.21,69.550579
15.22,69.526103
15.23,69.501642
15.24,69.477195
15.25,69.452762
15.26,69.428344
15.27,69.403939
15.28,69.379549
15.29,69.355172
15.30,69.330810
15.31,69.306462
15.32,69.282128
15.33,69.257808
15.34,69.233502
15.35,69.209210
15.36,69.184932
15.37,69.160668
15.38,69.136418
15.39,69.112182
15.40,69.087960
15.41,69.063752
15.42,69.039557
15.43,69.015377
15.44,68.991211
15.45,68.967058
15.46,68.942920
15.47,68.918795
15.48,68.894684
15.49,68.870587
15.50,68.846504
15.51,68.822435
15.52,68.798379
15.53,68.774338
15.54,68.750310
15.55,68.726295
15.56,68.702295
15.57,68.678308
15.58,68.654335
15.59,68.630376
15.60,68.606431
15.61,68.582499
15.62,68.558581
15.63,68.534676
15.64,68.510785
15.65,68.486908
15.66,68.463044
15.67,68.439194
15.68,68.415358
15.69,68.391535
15.70,68.367726
15.71,68.343931
15.72,68.320149
15.73,68.296380
15.74,68.272625
15.75,68.248884
15.76,68.225156
15.77,68.201441
15.78,68.177740
15.79,68.154053
15.80,68.130379
15.81,68.106718
15.82,68.083071
15.83,68.059437
15.84,68.035817
15.85,68.012210
15.86,67.988616
15.87,67.965036
15.88,67.941469
15.89,67.917916
15.90,67.894375
15.91,67.870848
15.92,67.847335
15.93,67.823835
15.94,67.800348
15.95,67.776874
15.96,67.753414
15.97,67.729966
15.98,67.706532
15.99,67.683112
16.00,67.659704
16.01,67.636310
16.02,67.612929
16.03,67.589561
16.04,67.566206
16.05,67.542864
16.06,67.519536
16.07,67.496221
16.08,67.472918
16.09,67.449629
16.10,67.426353
16.11,67.403090
16.12,67.379840
16.13,67.356603
16.14,67.333380
16.15,67.310169
16.16,67.286971
16.17,67.263786
16.18,67.240615
16.19,67.217456
16.20,67.194310
16.21,67.171177
16.22,67.148057
16.23,67.124950
16.24,67.101856
16.25,67.078775
16.26,67.055707
16.27,67.032652
16.28,67.009609
16.29,66.986580
16.30,66.963563
16.31,66.940559
16.32,66.917568
16.33,66.894590
16.34,66.871625
16.35,66.848672
16.36,66.825733
16.37,66.802806
16.38,66.779891
16.39,66.756990
16.40,66.734101
16.41,66.711225
16.42,66.688362
16.43,66.665511
16.44,66.642673
16.45,66.619848
16.46,66.597036
16.47,66.574236
16.48,66.551449
16.49,66.528674
16.50,66.505912
16.51,66.483163
16.52,66.460426
16.53,66.437702
16.54,66.414990
16.55,66.392292
16.56,66.369605
16.57,66.346931
16.58,66.324270
16.59,66.301621
16.60,66.278985
16.61,66.256361
16.62,66.233750
16.63,66.211151
16.64,66.188565
16.65,66.165991
16.66,66.143429
16.67,66.120881
16.68,66.098344
16.69,66.075820
16.70,66.053308
16.71,66.030809
16.72,66.008322
16.73,65.985847
16.74,65.963385
16.75,65.940935
16.76,65.918498
16.77,65.896072
16.78,65.873660
16.79,65.851259
16.80,65.828871
16.81,65.806495
16.82,65.784131
16.83,65.761780
16.84,65.739440
16.85,65.717113
16.86,65.694799
16.87,65.672496
16.88,65.650206
16.89,65.627928
16.90,65.605662
16.91,65.583408
16.92,65.561166
16.93,65.538937
16.94,65.516720
16.95,65.494514
16.96,65.472321
16.97,65.450140
16.98,65.427972
16.99,65.405815
17.00,65.383670
17.01,65.361538
17.02,65.339417
17.03,65.317309
17.04,65.295212
17.05,65.273128
17.06,65.251055
17.07,65.228995
17.08,65.206946
17.09,65.184910
17.10,65.162885
17.11,65.140873
17.12,65.118872
17.13,65.096884
17.14,65.074907
17.15,65.052942
17.16,65.030989
17.17,65.009048
17.18,64.987119
17.19,64.965202
17.20,64.943297
17.21,64.921403
17.22,64.899522
17.23,64.877652
17.24,64.855794
17.25,64.833948
17.26,64.812114
17.27,64.790291
17.28,64.768480
17.29,64.746681
17.30,64.724894
17.31,64.703119
17.32,64.681355
17.33,64.659603
17.34,64.637863
17.35,64.616134
17.36,64.594417
17.37,64.572712
17.38,64.551019
17.39,64.529337
17.40,64.507667
17.41,64.486008
17.42,64.464361
17.43,64.442726
17.44,64.421102
17.45,64.399490
17.46,64.377890
17.47,64.356301
17.48,64.334724
17.49,64.313158
17.50,64.291604
17.51,64.270062
17.52,64.248531
17.53,64.227011
17.54,64.205503
17.55,64.184007
17.56,64.162522
17.57,64.141048
17.58,64.119587
17.59,64.098136
17.60,64.076697
17.61,64.055269
17.62,64.033853
17.63,64.012448
17.64,63.991055
17.65,63.969673
17.66,63.948303
17.67,63.926944
17.68,63.905596
17.69,63.884260
17.70,63.862935
17.71,63.841621
17.72,63.820319
17.73,63.799028
17.74,63.777748
17.75,63.756480
17.76,63.735223
17.77,63.713977
17.78,63.692742
17.79,63.671519
17.80,63.650307
17.81,63.629107
17.82,63.607917
17.83,63.586739
17.84,63.565572
17.85,63.544416
17.86,63.523272
17.87,63.502138
17.88,63.481016
17.89,63.459905
17.90,63.438805
17.91,63.417717
17.92,63.396639
17.93,63.375573
17.94,63.354518
17.95,63.333473
17.96,63.312440
17.97,63.291418
17.98,63.270408
17.99,63.249408
18.00,63.228419
18.01,63.207441
18.02,63.186475
18.03,63.165519
18.04,63.144575
18.05,63.123641
18.06,63.102719
18.07,63.081807
18.08,63.060907
18.09,63.040017
18.10,63.019139
18.11,62.998271
18.12,62.977415
18.13,62.956569
18.14,62.935734
18.15,62.914911
18.16,62.894098
18.17,62.873296
18.18,62.852505
18.19,62.831725
18.20,62.810955
18.21,62.790197
18.22,62.769449
18.23,62.748713
18.24,62.727987
18.25,62.707272
18.26,62.686568
18.27,62.665874
18.28,62.645192
18.29,62.624520
18.30,62.603859
18.31,62.583209
18.32,62.562570
18.33,62.541941
18.34,62.521323
18.35,62.500716
18.36,62.480119
18.37,62.459534
18.38,62.438959
18.39,62.418394
18.40,62.397841
18.41,62.377298
18.42,62.356766
18.43,62.336244
18.44,62.315733
18.45,62.295233
18.46,62.274744
18.47,62.254265
18.48,62.233796
18.49,62.213339
18.50,62.192892
18.51,62.172455
18.52,62.152029
18.53,62.131614
18.54,62.111209
18.55,62.090815
18.56,62.070431
18.57,62.050058
18.58,62.029696
18.59,62.009344
18.60,61.989002
18.61,61.968671
18.62,61.948351
18.63,61.928041
18.64,61.907741
18.65,61.887452
18.66,61.867174
18.67,61.846906
18.68,61.826648
18.69,61.806401
18.70,61.786164
18.71,61.765938
18.72,61.745722
18.73,61.725516
18.74,61.705321
18.75,61.685136
18.76,61.664962
18.77,61.644798
18.78,61.624644
18.79,61.604501
18.80,61.584368
18.81,61.564245
18.82,61.544133
18.83,61.524031
18.84,61.503939
18.85,61.483858
18.86,61.463787
18.87,61.443726
18.88,61.423675
18.89,61.403635
18.90,61.383605
18.91,61.363585
18.92,61.343576
18.93,61.323576
18.94,61.303587
18.95,61.283608
18.96,61.263640
18.97,61.243681
18.98,61.223733
18.99,61.203795
19.00,61.183867
19.01,61.163949
19.02,61.144041
19.03,61.124144
19.04,61.104257
19.05,61.084379
19.06,61.064512
19.07,61.044655
19.08,61.024808
19.09,61.004972
19.10,60.985145
19.11,60.965328
19.12,60.945522
19.13,60.925725
19.14,60.905939
19.15,60.886163
19.16,60.866396
19.17,60.846640
19.18,60.826894
19.19,60.807157
19.20,60.787431
19.21,60.767715
19.22,60.748008
19.23,60.728312
19.24,60.708626
19.25,60.688949
19.26,60.669283
19.27,60.649626
19.28,60.629980
19.29,60.610343
19.30,60.590716
19.31,60.571100
19.32,60.551493
19.33,60.531896
19.34,60.512308
19.35,60.492731
19.36,60.473164
19.37,60.453606
19.38,60.434059
19.39,60.414521
19.40,60.394993
19.41,60.375475
19.42,60.355966
19.43,60.336468
19.44,60.316979
19.45,60.297500
19.46,60.278031
19.47,60.258572
19.48,60.239122
19.49,60.219682
19.50,60.200252
19.51,60.180832
19.52,60.161422
19.53,60.142021
19.54,60.122630
19.55,60.103248
19.56,60.083877
19.57,60.064515
19.58,60.045162
19.59,60.025820
19.60,60.006487
19.61,59.987164
19.62,59.967850
19.63,59.948546
19.64,59.929252
19.65,59.909967
19.66,59.890692
19.67,59.871427
19.68,59.852171
19.69,59.832925
19.70,59.813688
19.71,59.794461
19.72,59.775244
19.73,59.756036
19.74,59.736838
19.75,59.717649
19.76,59.698470
19.77,59.679300
19.78,59.660140
19.79,59.640990
19.80,59.621849
19.81,59.602717
19.82,59.583595
19.83,59.564483
19.84,59.545380
19.85,59.526286
19.86,59.507202
19.87,59.488127
19.88,59.469062
19.89,59.450006
19.90,59.430960
19.91,59.411923
19.92,59.392896
19.93,59.373878
19.94,59.354869
19.95,59.335870
19.96,59.316880
19.97,59.297900
19.98,59.278929
19.99,59.259967
20.00,59.241015
20.01,59.222072
20.02,59.203139
20.03,59.184214
20.04,59.165300
20.05,59.146394
20.06,59.127498
20.07,59.108611
20.08,59.089733
20.09,59.070865
20.10,59.052006
20.11,59.033156
20.12,59.014316
20.13,58.995484
20.14,58.976663
20.15,58.957850
20.16,58.939046
20.17,58.920252
20.18,58.901467
20.19,58.882691
20.20,58.863925
20.21,58.845168
20.22,58.826419
20.23,58.807680
20.24,58.788951
20.25,58.770230
20.26,58.751519
20.27,58.732816
20.28,58.714123
20.29,58.695439
20.30,58.676765
20.31,58.658099
20.32,58.639442
20.33,58.620795
20.34,58.602157
20.35,58.583527
20.36,58.564907
20.37,58.546296
20.38,58.527694
20.39,58.509101
20.40,58.490518
20.41,58.471943
20.42,58.453377
20.43,58.434820
20.44,58.416273
20.45,58.397734
20.46,58.379205
20.47,58.360684
20.48,58.342173
20.49,58.323670
20.50,58.305177
20.51,58.286692
20.52,58.268216
20.53,58.249750
20.54,58.231292
20.55,58.212843
20.56,58.194404
20.57,58.175973
20.58,58.157551
20.59,58.139138
20.60,58.120734
20.61,58.102339
20.62,58.083953
20.63,58.065576
20.64,58.047207
20.65,58.028848
20.66,58.010497
20.67,57.992155
20.68,57.973823
20.69,57.955499
20.70,57.937183
20.71,57.918877
20.72,57.900580
20.73,57.882291
20.74,57.864011
20.75,57.845740
20.76,57.827478
20.77,57.809224
20.78,57.790980
20.79,57.772744
20.80,57.754517
20.81,57.736299
20.82,57.718089
20.83,57.699888
20.84,57.681696
20.85,57.663513
20.86,57.645339
20.87,57.627173
20.88,57.609016
20.89,57.590868
20.90,57.572728
20.91,57.554597
20.92,57.536475
20.93,57.518361
20.94,57.500256
20.95,57.482160
20.96,57.464073
20.97,57.445994
20.98,57.427924
20.99,57.409862
21.00,57.391809
21.01,57.373765
21.02,57.355730
21.03,57.337703
21.04,57.319684
21.05,57.301674
21.06,57.283673
21.07,57.265681
21.08,57.247697
21.09,57.229721
21.10,57.211754
21.11,57.193796
21.12,57.175846
21.13,57.157905
21.14,57.139973
21.15,57.122049
21.16,57.104133
21.17,57.086226
21.18,57.068328
21.19,57.050438
21.20,57.032556
21.21,57.014683
21.22,56.996819
21.23,56.978963
21.24,56.961115
21.25,56.943276
21.26,56.925446
21.27,56.907623
21.28,56.889810
21.29,56.872005
21.30,56.854208
21.31,56.836419
21.32,56.818640
21.33,56.800868
21.34,56.783105
21.35,56.765350
21.36,56.747604
21.37,56.729866
21.38,56.712137
21.39,56.694416
21.40,56.676703
21.41,56.658998
21.42,56.641302
21.43,56.623615
21.44,56.605935
21.45,56.588264
21.46,56.570602
21.47,56.552948
21.48,56.535302
21.49,56.517664
21.50,56.500035
21.51,56.482413
21.52,56.464801
21.53,56.447196
21.54,56.429600
21.55,56.412012
21.56,56.394432
21.57,56.376861
21.58,56.359298
21.59,56.341743
21.60,56.324196
21.61,56.306658
21.62,56.289128
21.63,56.271606
21.64,56.254092
21.65,56.236587
21.66,56.219089
21.67,56.201600
21.68,56.184119
21.69,56.166647
21.70,56.149182
21.71,56.131726
21.72,56.114278
21.73,56.096837
21.74,56.079406
21.75,56.061982
21.76,56.044566
21.77,56.027159
21.78,56.009759
21.79,55.992368
21.80,55.974985
21.81,55.957610
21.82,55.940243
21.83,55.922884
21.84,55.905534
21.85,55.888191
21.86,55.870857
21.87,55.853530
21.88,55.836212
21.89,55.818901
21.90,55.801599
21.91,55.784305
21.92,55.767019
21.93,55.749740
21.94,55.732470
21.95,55.715208
21.96,55.697954
21.97,55.680708
21.98,55.663470
21.99,55.646240
22.00,55.629018
22.01,55.485804
22.02,55.342656
22.03,55.199574
22.04,55.056558
22.05,54.913608
22.06,54.770724
22.07,54.627904
22.08,54.485150
22.09,54.342461
22.10,54.199836
22.11,54.057276
22.12,53.914780
22.13,53.772349
22.14,53.629981
22.15,53.487677
22.16,53.345436
22.17,53.203259
22.18,53.061145
22.19,52.919094
22.20,52.777105
22.21,52.635179
22.22,52.493316
22.23,52.351514
22.24,52.209775
22.25,52.068097
22.26,51.926481
22.27,51.784926
22.28,51.643432
22.29,51.502000
22.30,51.360628
22.31,51.219316
22.32,51.078066
22.33,50.936875
22.34,50.795744
22.35,50.654673
22.36,50.513662
22.37,50.372710
22.38,50.231818
22.39,50.090984
22.40,49.950210
22.41,49.809494
22.42,49.668836
22.43,49.528237
22.44,49.387696
22.45,49.247213
22.46,49.106788
22.47,48.966420
22.48,48.826109
22.49,48.685856
22.50,48.545660
22.51,48.405520
22.52,48.265437
22.53,48.125411
22.54,47.985441
22.55,47.845526
22.56,47.705668
22.57,47.565866
22.58,47.426118
22.59,47.286427
22.60,47.146790
22.61,47.007208
22.62,46.867681
22.63,46.728209
22.64,46.588791
22.65,46.449427
22.66,46.310117
22.67,46.170861
22.68,46.031659
22.69,45.892510
22.70,45.753415
22.71,45.614372
22.72,45.475383
22.73,45.336446
22.74,45.197562
22.75,45.058730
22.76,44.919951
22.77,44.781223
22.78,44.642547
22.79,44.503923
22.80,44.365351
22.81,44.226830
22.82,44.088360
22.83,43.949941
22.84,43.811572
22.85,43.673255
22.86,43.534987
22.87,43.396770
22.88,43.258603
22.89,43.120486
22.90,42.982419
22.91,42.844401
22.92,42.706432
22.93,42.568513
22.94,42.430643
22.95,42.292821
22.96,42.155048
22.97,42.017324
22.98,41.879648
22.99,41.742020
23.00,41.604440
23.01,41.466908
23.02,41.329423
23.03,41.191986
23.04,41.054596
23.05,40.917253
23.06,40.779957
23.07,40.642708
23.08,40.505505
23.09,40.368349
23.10,40.231239
23.11,40.094175
23.12,39.957157
23.13,39.820185
23.14,39.683258
23.15,39.546376
23.16,39.409540
23.17,39.272749
23.18,39.136002
23.19,38.999301
23.20,38.862643
23.21,38.726030
23.22,38.589462
23.23,38.452937
23.24,38.316456
23.25,38.180019
23.26,38.043625
23.27,37.907274
23.28,37.770967
23.29,37.634703
23.30,37.498481
23.31,37.362302
23.32,37.226166
23.33,37.090072
23.34,36.954020
23.35,36.818010
23.36,36.682041
23.37,36.546115
23.38,36.410230
23.39,36.274386
23.40,36.138583
23.41,36.002822
23.42,35.867101
23.43,35.731421
23.44,35.595781
23.45,35.460181
23.46,35.324622
23.47,35.189103
23.48,35.053623
23.49,34.918184
23.50,34.782783
23.51,34.647422
23.52,34.512100
23.53,34.376818
23.54,34.241574
23.55,34.106368
23.56,33.971201
23.57,33.836073
23.58,33.700983
23.59,33.565930
23.60,33.430916
23.61,33.295939
23.62,33.161000
23.63,33.026098
23.64,32.891233
23.65,32.756406
23.66,32.621615
23.67,32.486861
23.68,32.352143
23.69,32.217462
23.70,32.082817
23.71,31.948209
23.72,31.813636
23.73,31.679099
23.74,31.544597
23.75,31.410131
23.76,31.275700
23.77,31.141304
23.78,31.006944
23.79,30.872618
23.80,30.738326
23.81,30.604070
23.82,30.469847
23.83,30.335659
23.84,30.201504
23.85,30.067384
23.86,29.933297
23.87,29.799243
23.88,29.665223
23.89,29.531237
23.90,29.397283
23.91,29.263362
23.92,29.129474
23.93,28.995619
23.94,28.861795
23.95,28.728005
23.96,28.594246
23.97,28.460519
23.98,28.326824
23.99,28.193161
24.00,28.059529
24.01,27.925928
24.02,27.792359
24.03,27.658820
24.04,27.525313
24.05,27.391836
24.06,27.258390
24.07,27.124974
24.08,26.991588
24.09,26.858232
24.10,26.724907
24.11,26.591611
24.12,26.458345
24.13,26.325108
24.14,26.191900
24.15,26.058722
24.16,25.925572
24.17,25.792452
24.18,25.659360
24.19,25.526297
24.20,25.393262
24.21,25.260255
24.22,25.127276
24.23,24.994325
24.24,24.861402
24.25,24.728507
24.26,24.595639
24.27,24.462799
24.28,24.329985
24.29,24.197199
24.30,24.064439
24.31,23.931706
24.32,23.799000
24.33,23.666320
24.34,23.533666
24.35,23.401038
24.36,23.268437
24.37,23.135861
24.38,23.003311
24.39,22.870786
24.40,22.738286
24.41,22.605812
24.42,22.473363
24.43,22.340938
24.44,22.208539
24.45,22.076164
24.46,21.943813
24.47,21.811487
24.48,21.679184
24.49,21.546906
24.50,21.414652
24.51,21.282421
24.52,21.150214
24.53,21.018030
24.54,20.885869
24.55,20.753731
24.56,20.621617
24.57,20.489525
24.58,20.357456
24.59,20.225409
24.60,20.093384
24.61,19.961382
24.62,19.829402
24.63,19.697444
24.64,19.565507
24.65,19.433592
24.66,19.301698
24.67,19.169826
24.68,19.037975
24.69,18.906145
24.70,18.774335
24.71,18.642547
24.72,18.510779
24.73,18.379031
24.74,18.247303
24.75,18.115596
24.76,17.983909
24.77,17.852241
24.78,17.720593
24.79,17.588965
24.80,17.457356
24.81,17.325766
24.82,17.194195
24.83,17.062643
24.84,16.931110
24.85,16.799596
24.86,16.668100
24.87,16.536622
24.88,16.405163
24.89,16.273721
24.90,16.142298
24.91,16.010892
24.92,15.879504
24.93,15.748133
24.94,15.616780
24.95,15.485444
24.96,15.354125
24.97,15.222822
24.98,15.091537
24.99,14.960268
25.00,14.829015
25.01,14.697779
25.02,14.566559
25.03,14.435355
25.04,14.304167
25.05,14.172994
25.06,14.041837
25.07,13.910696
25.08,13.779569
25.09,13.648458
25.10,13.517362
25.11,13.386281
25.12,13.255214
25.13,13.124162
25.14,12.993124
25.15,12.862101
25.16,12.731092
25.17,12.600096
25.18,12.469115
25.19,12.338147
25.20,12.207193
25.21,12.076252
25.22,11.945324
25.23,11.814409
25.24,11.683508
25.25,11.552619
25.26,11.421743
25.27,11.290879
25.28,11.160028
25.29,11.029189
25.30,10.898363
25.31,10.767548
25.32,10.636745
25.33,10.505953
25.34,10.375173
25.35,10.244405
25.36,10.113647
25.37,9.982901
25.38,9.852166
25.39,9.721442
25.40,9.590728
25.41,9.460025
25.42,9.329332
25.43,9.198649
25.44,9.067976
25.45,8.937314
25.46,8.806661
25.47,8.676018
25.48,8.545384
25.49,8.414760
25.50,8.284145
25.51,8.153539
25.52,8.022942
25.53,7.892354
25.54,7.761774
25.55,7.631203
25.56,7.500641
25.57,7.370086
25.58,7.239540
25.59,7.109001
25.60,6.978471
25.61,6.847948
25.62,6.717433
25.63,6.586925
25.64,6.456424
25.65,6.325930
25.66,6.195443
25.67,6.064963
25.68,5.934490
25.69,5.804023
25.70,5.673563
25.71,5.543109
25.72,5.412661
25.73,5.282219
25.74,5.151783
25.75,5.021352
25.76,4.890927
25.77,4.760507
25.78,4.630093
25.79,4.499683
25.80,4.369279
25.81,4.238880
25.82,4.108485
25.83,3.978094
25.84,3.847708
25.85,3.717327
25.86,3.586949
25.87,3.456576
25.88,3.326206
25.89,3.195840
25.90,3.065477
25.91,2.935118
25.92,2.804762
25.93,2.674409
25.94,2.544059
25.95,2.413713
25.96,2.283368
25.97,2.153027
25.98,2.022687
25.99,1.892350
26.00,1.762015
26.01,1.631682
26.02,1.501351
26.03,1.371022
26.04,1.240694
26.05,1.110368
26.06,0.980042
26.07,0.849718
26.08,0.719395
26.09,0.589073
26.10,0.458752
26.11,0.328431
26.12,0.198110
26.13,0.067790
26.14,0.000000
26.15,0.000000
26.16,0.000000
26.17,0.000000
26.18,0.000000
26.19,0.000000
26.20,0.000000
26.21,0.000000
26.22,0.000000
26.23,0.000000
26.24,0.000000
26.25,0.000000
26.26,0.000000
26.27,0.000000
26.28,0.000000
26.29,0.000000
26.30,0.000000
26.31,0.000000
26.32,0.000000
26.33,0.000000
26.34,0.000000
26.35,0.000000
26.36,0.000000
26.37,0.000000
26.38,0.000000
26.39,0.000000
26.40,0.000000
26.41,0.000000
26.42,0.000000
26.43,0.000000
26.44,0.000000
26.45,0.000000
26.46,0.000000
26.47,0.000000
26.48,0.000000
26.49,0.000000
26.50,0.000000
26.51,0.000000
26.52,0.000000
26.53,0.000000
26.54,0.000000
26.55,0.000000
26.56,0.000000
26.57,0.000000
26.58,0.000000
26.59,0.000000
26.60,0.000000
26.61,0.000000
26.62,0.000000
26.63,0.000000
26.64,0.000000
26.65,0.000000
26.66,0.000000
26.67,0.000000
26.68,0.000000
26.69,0.000000
26.70,0.000000
26.71,0.000000
26.72,0.000000
26.73,0.000000
26.74,0.000000
26.75,0.000000
26.76,0.000000
26.77,0.000000
26.78,0.000000
26.79,0.000000
26.80,0.000000
26.81,0.000000
26.82,0.000000
26.83,0.000000
26.84,0.000000
26.85,0.000000
26.86,0.000000
26.87,0.000000
26.88,0.000000
26.89,0.000000
26.90,0.000000
26.91,0.000000
26.92,0.000000
26.93,0.000000
26.94,0.000000
26.95,0.000000
26.96,0.000000
26.97,0.000000
26.98,0.000000
26.99,0.000000
27.00,0.000000
27.01,0.082080
27.02,0.164160
27.03,0.246240
27.04,0.328320
27.05,0.410399
27.06,0.492478
27.07,0.574557
27.08,0.656636
27.09,0.738714
27.10,0.820792
27.11,0.902869
27.12,0.984946
27.13,1.067022
27.14,1.149097
27.15,1.231172
27.16,1.313245
27.17,1.395318
27.18,1.477390
27.19,1.559461
27.20,1.641531
27.21,1.723599
27.22,1.805667
27.23,1.887733
27.24,1.969799
27.25,2.051862
27.26,2.133925
27.27,2.215986
27.28,2.298045
27.29,2.380103
27.30,2.462160
27.31,2.544215
27.32,2.626268
27.33,2.708319
27.34,2.790368
27.35,2.872416
27.36,2.954462
27.37,3.036505
27.38,3.118547
27.39,3.200586
27.40,3.282624
27.41,3.364659
27.42,3.446691
27.43,3.528722
27.44,3.610750
27.45,3.692776
27.46,3.774799
27.47,3.856820
27.48,3.938838
27.49,4.020853
27.50,4.102866
27.51,4.184875
27.52,4.266882
27.53,4.348887
27.54,4.430888
27.55,4.512886
27.56,4.594881
27.57,4.676873
27.58,4.758862
27.59,4.840848
27.60,4.922830
27.61,5.004809
27.62,5.086785
27.63,5.168757
27.64,5.250726
27.65,5.332691
27.66,5.414652
27.67,5.496610
27.68,5.578564
27.69,5.660514
27.70,5.742461
27.71,5.824404
27.72,5.906342
27.73,5.988277
27.74,6.070207
27.75,6.152134
27.76,6.234056
27.77,6.315974
27.78,6.397888
27.79,6.479798
27.80,6.561703
27.81,6.643603
27.82,6.725499
27.83,6.807391
27.84,6.889278
27.85,6.971160
27.86,7.053037
27.87,7.134910
27.88,7.216778
27.89,7.298641
27.90,7.380499
27.91,7.462352
27.92,7.544200
27.93,7.626043
27.94,7.707881
27.95,7.789713
27.96,7.871540
27.97,7.953362
27.98,8.035179
27.99,8.116990
28.00,8.198795
28.01,8.280595
28.02,8.362389
28.03,8.444178
28.04,8.525961
28.05,8.607738
28.06,8.689509
28.07,8.771275
28.08,8.853034
28.09,8.934787
28.10,9.016535
28.11,9.098276
28.12,9.180011
28.13,9.261740
28.14,9.343463
28.15,9.425179
28.16,9.506889
28.17,9.588592
28.18,9.670289
28.19,9.751979
28.20,9.833663
28.21,9.915340
28.22,9.997011
28.23,10.078674
28.24,10.160331
28.25,10.241981
28.26,10.323624
28.27,10.405260
28.28,10.486888
28.29,10.568510
28.30,10.650125
28.31,10.731732
28.32,10.813332
28.33,10.894925
28.34,10.976511
28.35,11.058089
28.36,11.139659
28.37,11.221222
28.38,11.302777
28.39,11.384325
28.40,11.465865
28.41,11.547397
28.42,11.628922
28.43,11.710438
28.44,11.791947
28.45,11.873447
28.46,11.954940
28.47,12.036425
28.48,12.117901
28.49,12.199369
28.50,12.280829
28.51,12.362281
28.52,12.443724
28.53,12.525159
28.54,12.606585
28.55,12.688003
28.56,12.769412
28.57,12.850813
28.58,12.932204
28.59,13.013588
28.60,13.094962
28.61,13.176327
28.62,13.257684
28.63,13.339032
28.64,13.420370
28.65,13.501700
28.66,13.583020
28.67,13.664332
28.68,13.745634
28.69,13.826926
28.70,13.908210
28.71,13.989484
28.72,14.070748
28.73,14.152003
28.74,14.233249
28.75,14.314485
28.76,14.395711
28.77,14.476927
28.78,14.558134
28.79,14.639331
28.80,14.720518
28.81,14.801695
28.82,14.882862
28.83,14.964020
28.84,15.045167
28.85,15.126303
28.86,15.207430
28.87,15.288546
28.88,15.369652
28.89,15.450748
28.90,15.531834
28.91,15.612908
28.92,15.693973
28.93,15.775026
28.94,15.856070
28.95,15.937102
28.96,16.018124
28.97,16.099135
28.98,16.180135
28.99,16.261124
29.00,16.342102
29.01,16.423069
29.02,16.504025
29.03,16.584971
29.04,16.665904
29.05,16.746827
29.06,16.827739
29.07,16.908639
29.08,16.989527
29.09,17.070405
29.10,17.151271
29.11,17.232125
29.12,17.312968
29.13,17.393799
29.14,17.474618
29.15,17.555426
29.16,17.636222
29.17,17.717006
29.18,17.797778
29.19,17.878538
29.20,17.959286
29.21,18.040022
29.22,18.120746
29.23,18.201458
29.24,18.282158
29.25,18.362845
29.26,18.443520
29.27,18.524183
29.28,18.604833
29.29,18.685471
29.30,18.766096
29.31,18.846709
29.32,18.927309
29.33,19.007896
29.34,19.088470
29.35,19.169032
29.36,19.249581
29.37,19.330117
29.38,19.410640
29.39,19.491150
29.40,19.571648
29.41,19.652131
29.42,19.732602
29.43,19.813060
29.44,19.893504
29.45,19.973935
29.46,20.054353
29.47,20.134757
29.48,20.215148
29.49,20.295525
29.50,20.375889
29.51,20.456239
29.52,20.536576
29.53,20.616898
29.54,20.697207
29.55,20.777502
29.56,20.857783
29.57,20.938051
29.58,21.018304
29.59,21.098543
29.60,21.178769
29.61,21.258980
29.62,21.339177
29.63,21.419359
29.64,21.499528
29.65,21.579682
29.66,21.659821
29.67,21.739947
29.68,21.820057
29.69,21.900153
29.70,21.980235
29.71,22.060302
29.72,22.140354
29.73,22.220392
29.74,22.300415
29.75,22.380422
29.76,22.460415
29.77,22.540393
29.78,22.620356
29.79,22.700304
29.80,22.780237
29.81,22.860155
29.82,22.940058
29.83,23.019945
29.84,23.099817
29.85,23.179674
29.86,23.259515
29.87,23.339341
29.88,23.419151
29.89,23.498946
29.90,23.578725
29.91,23.658489
29.92,23.738236
29.93,23.817968
29.94,23.897685
29.95,23.977385
29.96,24.057070
29.97,24.136738
29.98,24.216391
29.99,24.296027
30.00,24.375648
30.01,24.455252
30.02,24.534840
30.03,24.614412
30.04,24.693967
30.05,24.773507
30.06,24.853029
30.07,24.932536
30.08,25.012026
30.09,25.091499
30.10,25.170956
30.11,25.250396
30.12,25.329819
30.13,25.409226
30.14,25.488616
30.15,25.567989
30.16,25.647345
30.17,25.726684
30.18,25.806006
30.19,25.885312
30.20,25.964600
30.21,26.043871
30.22,26.123125
30.23,26.202361
30.24,26.281581
30.25,26.360783
30.26,26.439967
30.27,26.519134
30.28,26.598284
30.29,26.677416
30.30,26.756531
30.31,26.835628
30.32,26.914707
30.33,26.993769
30.34,27.072813
30.35,27.151839
30.36,27.230847
30.37,27.309838
30.38,27.388810
30.39,27.467764
30.40,27.546701
30.41,27.625619
30.42,27.704519
30.43,27.783401
30.44,27.862265
30.45,27.941110
30.46,28.019937
30.47,28.098746
30.48,28.177536
30.49,28.256308
30.50,28.335061
30.51,28.413796
30.52,28.492512
30.53,28.571209
30.54,28.649888
30.55,28.728548
30.56,28.807189
30.57,28.885811
30.58,28.964415
30.59,29.042999
30.60,29.121564
30.61,29.200111
30.62,29.278638
30.63,29.357146
30.64,29.435635
30.65,29.514105
30.66,29.592556
30.67,29.670987
30.68,29.749399
30.69,29.827791
30.70,29.906164
30.71,29.984517
30.72,30.062851
30.73,30.141165
30.74,30.219460
30.75,30.297735
30.76,30.375990
30.77,30.454226
30.78,30.532441
30.79,30.610637
30.80,30.688813
30.81,30.766969
30.82,30.845104
30.83,30.923220
30.84,31.001316
30.85,31.079391
30.86,31.157447
30.87,31.235482
30.88,31.313496
30.89,31.391491
30.90,31.469465
30.91,31.547418
30.92,31.625352
30.93,31.703264
30.94,31.781156
30.95,31.859028
30.96,31.936879
30.97,32.014709
30.98,32.092518
30.99,32.170307
31.00,32.248075
31.01,32.325822
31.02,32.403548
31.03,32.481253
31.04,32.558937
31.05,32.636600
31.06,32.714242
31.07,32.791862
31.08,32.869462
31.09,32.947040
31.10,33.024597
31.11,33.102133
31.12,33.179647
31.13,33.257140
31.14,33.334612
31.15,33.412062
31.16,33.489490
31.17,33.566897
31.18,33.644282
31.19,33.721646
31.20,33.798988
31.21,33.876308
31.22,33.953606
31.23,34.030883
31.24,34.108137
31.25,34.185370
31.26,34.262581
31.27,34.339769
31.28,34.416936
31.29,34.494080
31.30,34.571203
31.31,34.648303
31.32,34.725381
31.33,34.802436
31.34,34.879470
31.35,34.956481
31.36,35.033469
31.37,35.110435
31.38,35.187379
31.39,35.264300
31.40,35.341198
31.41,35.418074
31.42,35.494927
31.43,35.571758
31.44,35.648565
31.45,35.725350
31.46,35.802112
31.47,35.878852
31.48,35.955568
31.49,36.032261
31.50,36.108932
31.51,36.185579
31.52,36.262203
31.53,36.338804
31.54,36.415382
31.55,36.491937
31.56,36.568468
31.57,36.644976
31.58,36.721461
31.59,36.797922
31.60,36.874360
31.61,36.950775
31.62,37.027166
31.63,37.103533
31.64,37.179877
31.65,37.256197
31.66,37.332494
31.67,37.408767
31.68,37.485016
31.69,37.561241
31.70,37.637443
31.71,37.713620
31.72,37.789774
31.73,37.865904
31.74,37.942009
31.75,38.018091
31.76,38.094149
31.77,38.170182
31.78,38.246191
31.79,38.322177
31.80,38.398137
31.81,38.474074
31.82,38.549986
31.83,38.625874
31.84,38.701738
31.85,38.777577
31.86,38.853391
31.87,38.929181
31.88,39.004947
31.89,39.080688
31.90,39.156404
31.91,39.232096
31.92,39.307763
31.93,39.383405
31.94,39.459022
31.95,39.534614
31.96,39.610182
31.97,39.685725
31.98,39.761242
31.99,39.836735
32.00,39.912203
32.01,39.987645
32.02,40.063063
32.03,40.138455
32.04,40.213822
32.05,40.289164
32.06,40.364480
32.07,40.439772
32.08,40.515038
32.09,40.590278
32.10,40.665493
32.11,40.740683
32.12,40.815847
32.13,40.890986
32.14,40.966099
32.15,41.041186
32.16,41.116248
32.17,41.191284
32.18,41.266294
32.19,41.341279
32.20,41.416238
32.21,41.491170
32.22,41.566077
32.23,41.640959
32.24,41.715814
32.25,41.790643
32.26,41.865446
32.27,41.940223
32.28,42.014974
32.29,42.089699
32.30,42.164397
32.31,42.239070
32.32,42.313716
32.33,42.388335
32.34,42.462929
32.35,42.537496
32.36,42.612037
32.37,42.686551
32.38,42.761039
32.39,42.835500
32.40,42.909934
32.41,42.984343
32.42,43.058724
32.43,43.133079
32.44,43.207407
32.45,43.281708
32.46,43.355983
32.47,43.430230
32.48,43.504451
32.49,43.578645
32.50,43.652812
32.51,43.726953
32.52,43.801066
32.53,43.875152
32.54,43.949211
32.55,44.023243
32.56,44.097248
32.57,44.171225
32.58,44.245176
32.59,44.319099
32.60,44.392995
32.61,44.466863
32.62,44.540705
32.63,44.614519
32.64,44.688305
32.65,44.762064
32.66,44.835795
32.67,44.909499
32.68,44.983176
32.69,45.056825
32.70,45.130446
32.71,45.204039
32.72,45.277605
32.73,45.351143
32.74,45.424653
32.75,45.498136
32.76,45.571591
32.77,45.645017
32.78,45.718416
32.79,45.791787
32.80,45.865130
32.81,45.938445
32.82,46.011732
32.83,46.084991
32.84,46.158222
32.85,46.231424
32.86,46.304599
32.87,46.377745
32.88,46.450863
32.89,46.523952
32.90,46.597014
32.91,46.670047
32.92,46.743051
32.93,46.816028
32.94,46.888975
32.95,46.961895
32.96,47.034785
32.97,47.107648
32.98,47.180481
32.99,47.253286
33.00,47.326063
33.01,47.398810
33.02,47.471529
33.03,47.544219
33.04,47.616881
33.05,47.689513
33.06,47.762117
33.07,47.834692
33.08,47.907238
33.09,47.979755
33.10,48.052243
33.11,48.124702
33.12,48.197133
33.13,48.269534
33.14,48.341905
33.15,48.414248
33.16,48.486562
33.17,48.558846
33.18,48.631101
33.19,48.703327
33.20,48.775524
33.21,48.847691
33.22,48.919829
33.23,48.991938
33.24,49.064017
33.25,49.136066
33.26,49.208087
33.27,49.280077
33.28,49.352038
33.29,49.423970
33.30,49.495872
33.31,49.567744
33.32,49.639587
33.33,49.711400
33.34,49.783183
33.35,49.854937
33.36,49.926660
33.37,49.998354
33.38,50.070018
33.39,50.141652
33.40,50.213257
33.41,50.284831
33.42,50.356375
33.43,50.427889
33.44,50.499374
33.45,50.570828
33.46,50.642252
33.47,50.713646
33.48,50.785010
33.49,50.856344
33.50,50.927647
33.51,50.998920
33.52,51.070163
33.53,51.141376
33.54,51.212558
33.55,51.283710
33.56,51.354832
33.57,51.425923
33.58,51.496984
33.59,51.568014
33.60,51.639014
33.61,51.709983
33.62,51.780922
33.63,51.851830
33.64,51.922707
33.65,51.993554
33.66,52.064370
33.67,52.135155
33.68,52.205910
33.69,52.276634
33.70,52.347327
33.71,52.417990
33.72,52.488621
33.73,52.559222
33.74,52.629791
33.75,52.700330
33.76,52.770838
33.77,52.841315
33.78,52.911761
33.79,52.982175
33.80,53.052559
33.81,53.122912
33.82,53.193233
33.83,53.263523
33.84,53.333783
33.85,53.404011
33.86,53.474207
33.87,53.544373
33.88,53.614507
33.89,53.684610
33.90,53.754681
33.91,53.824721
33.92,53.894730
33.93,53.964707
33.94,54.034653
33.95,54.104568
33.96,54.174451
33.97,54.244302
33.98,54.314122
33.99,54.383910
34.00,54.453667
34.01,54.523392
34.02,54.593085
34.03,54.662747
34.04,54.732377
34.05,54.801975
34.06,54.871541
34.07,54.941076
34.08,55.010579
34.09,55.080050
34.10,55.149489
34.11,55.218896
34.12,55.288271
34.13,55.357615
34.14,55.426926
34.15,55.496205
34.16,55.565453
34.17,55.634668
34.18,55.703851
34.19,55.773003
34.20,55.842122
34.21,55.911209
34.22,55.980263
34.23,56.049286
34.24,56.118276
34.25,56.187234
34.26,56.256160
34.27,56.325054
34.28,56.393915
34.29,56.462744
34.30,56.531540
34.31,56.600304
34.32,56.669036
34.33,56.737735
34.34,56.806402
34.35,56.875036
34.36,56.943638
34.37,57.012207
34.38,57.080744
34.39,57.149248
34.40,57.217720
34.41,57.286159
34.42,57.354565
34.43,57.422938
34.44,57.491279
34.45,57.559587
34.46,57.627863
34.47,57.696105
34.48,57.764315
34.49,57.832492
34.50,57.900636
34.51,57.968748
34.52,58.036826
34.53,58.104872
34.54,58.172884
34.55,58.240864
34.56,58.308811
34.57,58.376724
34.58,58.444605
34.59,58.512453
34.60,58.580267
34.61,58.648049
34.62,58.715797
34.63,58.783512
34.64,58.851194
34.65,58.918843
34.66,58.986459
34.67,59.054041
34.68,59.121591
34.69,59.189107
34.70,59.256589
34.71,59.324039
34.72,59.391455
34.73,59.458837
34.74,59.526187
34.75,59.593503
34.76,59.660785
34.77,59.728035
34.78,59.795250
34.79,59.862432
34.80,59.929581
34.81,59.996696
34.82,60.063778
34.83,60.130826
34.84,60.197841
34.85,60.264821
34.86,60.331769
34.87,60.398682
34.88,60.465562
34.89,60.532409
34.90,60.599221
34.91,60.666000
34.92,60.732745
34.93,60.799457
34.94,60.866134
34.95,60.932778
34.96,60.999388
34.97,61.065964
34.98,61.132507
34.99,61.199015
35.00,61.265490
35.01,61.331930
35.02,61.398337
35.03,61.464709
35.04,61.531048
35.05,61.597353
35.06,61.663624
35.07,61.729860
35.08,61.796063
35.09,61.862231
35.10,61.928366
35.11,61.994466
35.12,62.060532
35.13,62.126564
35.14,62.192562
35.15,62.258526
35.16,62.324455
35.17,62.390351
35.18,62.456212
35.19,62.522038
35.20,62.587831
35.21,62.653589
35.22,62.719313
35.23,62.785002
35.24,62.850658
35.25,62.916278
35.26,62.981865
35.27,63.047417
35.28,63.112934
35.29,63.178418
35.30,63.243866
35.31,63.309281
35.32,63.374660
35.33,63.440005
35.34,63.505316
35.35,63.570592
35.36,63.635834
35.37,63.701041
35.38,63.766213
35.39,63.831351
35.40,63.896454
35.41,63.961523
35.42,64.026557
35.43,64.091556
35.44,64.156520
35.45,64.221450
35.46,64.286345
35.47,64.351205
35.48,64.416031
35.49,64.480822
35.50,64.545577
35.51,64.610299
35.52,64.674985
35.53,64.739636
35.54,64.804253
35.55,64.868835
35.56,64.933381
35.57,64.997893
35.58,65.062370
35.59,65.126812
35.60,65.191219
35.61,65.255592
35.62,65.319929
35.63,65.384231
35.64,65.448498
35.65,65.512730
35.66,65.576927
35.67,65.641089
35.68,65.705216
35.69,65.769307
35.70,65.833364
35.71,65.897386
35.72,65.961372
35.73,66.025323
35.74,66.089239
35.75,66.153120
35.76,66.216966
35.77,66.280776
35.78,66.344552
35.79,66.408292
35.80,66.471996
35.81,66.535666
35.82,66.599300
35.83,66.662899
35.84,66.726463
35.85,66.789991
35.86,66.853484
35.87,66.916941
35.88,66.980363
35.89,67.043750
35.90,67.107102
35.91,67.170418
35.92,67.233698
35.93,67.296943
35.94,67.360153
35.95,67.423327
35.96,67.486466
35.97,67.549569
35.98,67.612637
35.99,67.675669
36.00,67.738666
36.01,67.801627
36.02,67.864552
36.03,67.927442
36.04,67.990297
36.05,68.053116
36.06,68.115899
36.07,68.178647
36.08,68.241359
36.09,68.304035
36.10,68.366676
36.11,68.429281
36.12,68.491850
36.13,68.554383
36.14,68.616881
36.15,68.679344
36.16,68.741770
36.17,68.804161
36.18,68.866516
36.19,68.928835
36.20,68.991118
36.21,69.053366
36.22,69.115578
36.23,69.177754
36.24,69.239894
36.25,69.301998
36.26,69.364067
36.27,69.426099
36.28,69.488096
36.29,69.550057
36.30,69.611982
36.31,69.673871
36.32,69.735724
36.33,69.797541
36.34,69.859322
36.35,69.921068
36.36,69.982777
36.37,70.044450
36.38,70.106088
36.39,70.167689
36.40,70.229255
36.41,70.290784
36.42,70.352277
36.43,70.413735
36.44,70.475156
36.45,70.536541
36.46,70.597890
36.47,70.659203
36.48,70.720480
36.49,70.781721
36.50,70.842926
36.51,70.904095
36.52,70.965227
36.53,71.026324
36.54,71.087384
36.55,71.148408
36.56,71.209396
36.57,71.270348
36.58,71.331263
36.59,71.392143
36.60,71.452986
36.61,71.513793
36.62,71.574564
36.63,71.635298
36.64,71.695996
36.65,71.756658
36.66,71.817284
36.67,71.877874
36.68,71.938427
36.69,71.998944
36.70,72.059424
36.71,72.119869
36.72,72.180277
36.73,72.240648
36.74,72.300984
36.75,72.361283
36.76,72.421545
36.77,72.481772
36.78,72.541962
36.79,72.602115
36.80,72.662233
36.81,72.722313
36.82,72.782358
36.83,72.842366
36.84,72.902338
36.85,72.962273
36.86,73.022172
36.87,73.082034
36.88,73.141860
36.89,73.201649
36.90,73.261402
36.91,73.321119
36.92,73.380799
36.93,73.440442
36.94,73.500049
36.95,73.559620
36.96,73.619154
36.97,73.678652
36.98,73.738113
36.99,73.797537
37.00,73.856925
37.01,73.916277
37.02,73.975592
37.03,74.034870
37.04,74.094112
37.05,74.153317
37.06,74.212486
37.07,74.271618
37.08,74.330714
37.09,74.389772
37.10,74.448795
37.11,74.507781
37.12,74.566730
37.13,74.625642
37.14,74.684518
37.15,74.743357
37.16,74.802160
37.17,74.860926
37.18,74.919655
37.19,74.978348
37.20,75.037004
37.21,75.095623
37.22,75.154206
37.23,75.212752
37.24,75.271261
37.25,75.329734
37.26,75.388170
37.27,75.446569
37.28,75.504932
37.29,75.563258
37.30,75.621547
37.31,75.679799
37.32,75.738015
37.33,75.796194
37.34,75.854336
37.35,75.912442
37.36,75.970510
37.37,76.028542
37.38,76.086538
37.39,76.144496
37.40,76.202418
37.41,76.260303
37.42,76.318151
37.43,76.375963
37.44,76.433737
37.45,76.491475
37.46,76.549176
37.47,76.606840
37.48,76.664468
37.49,76.722058
37.50,76.779612
37.51,76.837129
37.52,76.894610
37.53,76.952053
37.54,77.009460
37.55,77.066829
37.56,77.124162
37.57,77.181458
37.58,77.238718
37.59,77.295940
37.60,77.353126
37.61,77.410274
37.62,77.467386
37.63,77.524461
37.64,77.581499
37.65,77.638501
37.66,77.695465
37.67,77.752393
37.68,77.809283
37.69,77.866137
37.70,77.922954
37.71,77.979734
37.72,78.036477
37.73,78.093184
37.74,78.149853
37.75,78.206486
37.76,78.263081
37.77,78.319640
37.78,78.376162
37.79,78.432647
37.80,78.489095
37.81,78.545506
37.82,78.601880
37.83,78.658217
37.84,78.714518
37.85,78.770781
37.86,78.827007
37.87,78.883197
37.88,78.939350
37.89,78.995465
37.90,79.051544
37.91,79.107586
37.92,79.163591
37.93,79.219559
37.94,79.275490
37.95,79.331384
37.96,79.387242
37.97,79.443062
37.98,79.498845
37.99,79.554592
38.00,79.610301
38.01,79.665974
38.02,79.721609
38.03,79.777208
38.04,79.832769
38.05,79.888294
38.06,79.943782
38.07,79.999233
38.08,80.054646
38.09,80.110023
38.10,80.165363
38.11,80.220666
38.12,80.275932
38.13,80.331161
38.14,80.386353
38.15,80.441509
38.16,80.496627
38.17,80.551708
38.18,80.606752
38.19,80.661760
38.20,80.716730
38.21,80.771663
38.22,80.826560
38.23,80.881419
38.24,80.936242
38.25,80.991027
38.26,81.045776
38.27,81.100487
38.28,81.155162
38.29,81.209800
38.30,81.264400
38.31,81.318964
38.32,81.373491
38.33,81.427981
38.34,81.482433
38.35,81.536849
38.36,81.591228
38.37,81.645570
38.38,81.699875
38.39,81.754143
38.40,81.808374
38.41,81.862568
38.42,81.916726
38.43,81.970846
38.44,82.024929
38.45,82.078975
38.46,82.132985
38.47,82.186957
38.48,82.240893
38.49,82.294791
38.50,82.348653
38.51,82.402477
38.52,82.456265
38.53,82.510015
38.54,82.563729
38.55,82.617406
38.56,82.671046
38.57,82.724649
38.58,82.778215
38.59,82.831744
38.60,82.885236
38.61,82.938691
38.62,82.992109
38.63,83.045491
38.64,83.098835
38.65,83.152142
38.66,83.205413
38.67,83.258646
38.68,83.311843
38.69,83.365003
38.70,83.418126
38.71,83.471212
38.72,83.524261
38.73,83.577273
38.74,83.630248
38.75,83.683186
38.76,83.736087
38.77,83.788952
38.78,83.841779
38.79,83.894570
38.80,83.947324
38.81,84.000041
38.82,84.052721
38.83,84.105364
38.84,84.157970
38.85,84.210539
38.86,84.263072
38.87,84.315567
38.88,84.368026
38.89,84.420448
38.90,84.472833
38.91,84.525181
38.92,84.577492
38.93,84.629766
38.94,84.682004
38.95,84.734204
38.96,84.786368
38.97,84.838495
38.98,84.890585
38.99,84.942639
39.00,84.994655
39.01,85.046635
39.02,85.098578
39.03,85.150484
39.04,85.202353
39.05,85.254185
39.06,85.305980
39.07,85.357739
39.08,85.409461
39.09,85.461146
39.10,85.512795
39.11,85.564406
39.12,85.615981
39.13,85.667519
39.14,85.719020
39.15,85.770484
39.16,85.821912
39.17,85.873303
39.18,85.924657
39.19,85.975974
39.20,86.027255
39.21,86.078498
39.22,86.129705
39.23,86.180876
39.24,86.232009
39.25,86.283106
39.26,86.334166
39.27,86.385190
39.28,86.436176
39.29,86.487126
39.30,86.538039
39.31,86.588916
39.32,86.639756
39.33,86.690559
39.34,86.741325
39.35,86.792055
39.36,86.842748
39.37,86.893405
39.38,86.944024
39.39,86.994607
39.40,87.045154
39.41,87.095664
39.42,87.146137
39.43,87.196573
39.44,87.246973
39.45,87.297336
39.46,87.347663
39.47,87.397953
39.48,87.448206
39.49,87.498423
39.50,87.548603
39.51,87.598746
39.52,87.648853
39.53,87.698924
39.54,87.748957
39.55,87.798954
39.56,87.848915
39.57,87.898839
39.58,87.948727
39.59,87.998578
39.60,88.048392
39.61,88.098170
39.62,88.147911
39.63,88.197616
39.64,88.247284
39.65,88.296916
39.66,88.346511
39.67,88.396070
39.68,88.445592
39.69,88.495078
39.70,88.544527
39.71,88.593940
39.72,88.643316
39.73,88.692656
39.74,88.741959
39.75,88.791226
39.76,88.840457
39.77,88.889651
39.78,88.938808
39.79,88.987930
39.80,89.037014
39.81,89.086063
39.82,89.135075
39.83,89.184050
39.84,89.232990
39.85,89.281892
39.86,89.330759
39.87,89.379589
39.88,89.428383
39.89,89.477140
39.90,89.525861
39.91,89.574546
39.92,89.623194
39.93,89.671806
39.94,89.720382
39.95,89.768921
39.96,89.817424
39.97,89.865891
39.98,89.914321
39.99,89.962716
40.00,90.011074
40.01,89.999995
40.02,89.988925
40.03,89.977864
40.04,89.966810
40.05,89.955765
40.06,89.944728
40.07,89.933700
40.08,89.922679
40.09,89.911667
40.10,89.900664
40.11,89.889668
40.12,89.878681
40.13,89.867702
40.14,89.856731
40.15,89.845768
40.16,89.834814
40.17,89.823867
40.18,89.812929
40.19,89.802000
40.20,89.791078
40.21,89.780164
40.22,89.769259
40.23,89.758362
40.24,89.747473
40.25,89.736592
40.26,89.725719
40.27,89.714855
40.28,89.703998
40.29,89.693150
40.30,89.682310
40.31,89.671478
40.32,89.660653
40.33,89.649837
40.34,89.639030
40.35,89.628230
40.36,89.617438
40.37,89.606654
40.38,89.595879
40.39,89.585111
40.40,89.574352
40.41,89.563600
40.42,89.552857
40.43,89.542121
40.44,89.531394
40.45,89.520674
40.46,89.509963
40.47,89.499259
40.48,89.488564
40.49,89.477876
40.50,89.467197
40.51,89.456525
40.52,89.445861
40.53,89.435206
40.54,89.424558
40.55,89.413918
40.56,89.403286
40.57,89.392662
40.58,89.382046
40.59,89.371438
40.60,89.360838
40.61,89.350246
40.62,89.339661
40.63,89.329085
40.64,89.318516
40.65,89.307955
40.66,89.297402
40.67,89.286857
40.68,89.276320
40.69,89.265790
40.70,89.255269
40.71,89.244755
40.72,89.234249
40.73,89.223751
40.74,89.213261
40.75,89.202778
40.76,89.192303
40.77,89.181836
40.78,89.171377
40.79,89.160926
40.80,89.150482
40.81,89.140046
40.82,89.129618
40.83,89.119198
40.84,89.108785
40.85,89.098380
40.86,89.087983
40.87,89.077594
40.88,89.067212
40.89,89.056838
40.90,89.046472
40.91,89.036113
40.92,89.025762
40.93,89.015419
40.94,89.005083
40.95,88.994755
40.96,88.984435
40.97,88.974122
40.98,88.963817
40.99,88.953520
41.00,88.943230
41.01,88.932948
41.02,88.922674
41.03,88.912407
41.04,88.902148
41.05,88.891896
41.06,88.881652
41.07,88.871416
41.08,88.861187
41.09,88.850965
41.10,88.840752
41.11,88.830546
41.12,88.820347
41.13,88.810156
41.14,88.799972
41.15,88.789796
41.16,88.779628
41.17,88.769467
41.18,88.759314
41.19,88.749168
41.20,88.739029
41.21,88.728898
41.22,88.718775
41.23,88.708659
41.24,88.698551
41.25,88.688450
41.26,88.678356
41.27,88.668270
41.28,88.658192
41.29,88.648120
41.30,88.638057
41.31,88.628000
41.32,88.617952
41.33,88.607910
41.34,88.597876
41.35,88.587850
41.36,88.577830
41.37,88.567819
41.38,88.557814
41.39,88.547817
41.40,88.537827
41.41,88.527845
41.42,88.517870
41.43,88.507903
41.44,88.497943
41.45,88.487990
41.46,88.478044
41.47,88.468106
41.48,88.458175
41.49,88.448252
41.50,88.438335
41.51,88.428426
41.52,88.418525
41.53,88.408631
41.54,88.398743
41.55,88.388864
41.56,88.378991
41.57,88.369126
41.58,88.359268
41.59,88.349417
41.60,88.339574
41.61,88.329738
41.62,88.319909
41.63,88.310087
41.64,88.300273
41.65,88.290466
41.66,88.280666
41.67,88.270873
41.68,88.261087
41.69,88.251309
41.70,88.241537
41.71,88.231773
41.72,88.222017
41.73,88.212267
41.74,88.202524
41.75,88.192789
41.76,88.183061
41.77,88.173340
41.78,88.163626
41.79,88.153919
41.80,88.144219
41.81,88.134527
41.82,88.124842
41.83,88.115163
41.84,88.105492
41.85,88.095828
41.86,88.086171
41.87,88.076521
41.88,88.066878
41.89,88.057243
41.90,88.047614
41.91,88.037992
41.92,88.028378
41.93,88.018770
41.94,88.009170
41.95,87.999577
41.96,87.989990
41.97,87.980411
41.98,87.970839
41.99,87.961273
42.00,87.951715
42.01,87.942164
42.02,87.932619
42.03,87.923082
42.04,87.913552
42.05,87.904029
42.06,87.894512
42.07,87.885003
42.08,87.875501
42.09,87.866005
42.10,87.856517
42.11,87.847035
42.12,87.837560
42.13,87.828093
42.14,87.818632
42.15,87.809178
42.16,87.799731
42.17,87.790291
42.18,87.780858
42.19,87.771432
42.20,87.762013
42.21,87.752601
42.22,87.743195
42.23,87.733796
42.24,87.724405
42.25,87.715020
42.26,87.705642
42.27,87.696271
42.28,87.686906
42.29,87.677549
42.30,87.668198
42.31,87.658854
42.32,87.649517
42.33,87.640187
42.34,87.630864
42.35,87.621547
42.36,87.612238
42.37,87.602935
42.38,87.593639
42.39,87.584349
42.40,87.575067
42.41,87.565791
42.42,87.556522
42.43,87.547260
42.44,87.538004
42.45,87.528755
42.46,87.519513
42.47,87.510278
42.48,87.501049
42.49,87.491828
42.50,87.482613
42.51,87.473404
42.52,87.464203
42.53,87.455008
42.54,87.445819
42.55,87.436638
42.56,87.427463
42.57,87.418295
42.58,87.409133
42.59,87.399979
42.60,87.390830
42.61,87.381689
42.62,87.372554
42.63,87.363426
42.64,87.354304
42.65,87.345189
42.66,87.336081
42.67,87.326980
42.68,87.317885
42.69,87.308796
42.70,87.299714
42.71,87.290639
42.72,87.281571
42.73,87.272509
42.74,87.263453
42.75,87.254405
42.76,87.245362
42.77,87.236327
42.78,87.227298
42.79,87.218275
42.80,87.209259
42.81,87.200250
42.82,87.191247
42.83,87.182251
42.84,87.173261
42.85,87.164278
42.86,87.155301
42.87,87.146331
42.88,87.137367
42.89,87.128410
42.90,87.119459
42.91,87.110515
42.92,87.101577
42.93,87.092646
42.94,87.083721
42.95,87.074803
42.96,87.065891
42.97,87.056986
42.98,87.048087
42.99,87.039195
43.00,87.030309
43.01,87.021430
43.02,87.012557
43.03,87.003690
43.04,86.994830
43.05,86.985976
43.06,86.977129
43.07,86.968288
43.08,86.959453
43.09,86.950625
43.10,86.941803
43.11,86.932988
43.12,86.924179
43.13,86.915377
43.14,86.906580
43.15,86.897791
43.16,86.889007
43.17,86.880230
43.18,86.871459
43.19,86.862695
43.20,86.853937
43.21,86.845185
43.22,86.836440
43.23,86.827701
43.24,86.818968
43.25,86.810242
43.26,86.801522
43.27,86.792808
43.28,86.784100
43.29,86.775399
43.30,86.766704
43.31,86.758016
43.32,86.749334
43.33,86.740657
43.34,86.731988
43.35,86.723324
43.36,86.714667
43.37,86.706016
43.38,86.697371
43.39,86.688733
43.40,86.680101
43.41,86.671475
43.42,86.662855
43.43,86.654241
43.44,86.645634
43.45,86.637033
43.46,86.628438
43.47,86.619849
43.48,86.611267
43.49,86.602690
43.50,86.594120
43.51,86.585556
43.52,86.576999
43.53,86.568447
43.54,86.559902
43.55,86.551362
43.56,86.542829
43.57,86.534302
43.58,86.525782
43.59,86.517267
43.60,86.508759
43.61,86.500256
43.62,86.491760
43.63,86.483270
43.64,86.474786
43.65,86.466308
43.66,86.457836
43.67,86.449371
43.68,86.440911
43.69,86.432458
43.70,86.424010
43.71,86.415569
43.72,86.407134
43.73,86.398705
43.74,86.390282
43.75,86.381865
43.76,86.373454
43.77,86.365049
43.78,86.356650
43.79,86.348257
43.80,86.339870
43.81,86.331490
43.82,86.323115
43.83,86.314746
43.84,86.306384
43.85,86.298027
43.86,86.289676
43.87,86.281332
43.88,86.272993
43.89,86.264660
43.90,86.256334
43.91,86.248013
43.92,86.239699
43.93,86.231390
43.94,86.223087
43.95,86.214790
43.96,86.206500
43.97,86.198215
43.98,86.189936
43.99,86.181663
44.00,86.173396
44.01,86.165135
44.02,86.156880
44.03,86.148631
44.04,86.140387
44.05,86.132150
44.06,86.123918
44.07,86.115693
44.08,86.107473
44.09,86.099260
44.10,86.091052
44.11,86.082850
44.12,86.074654
44.13,86.066463
44.14,86.058279
44.15,86.050101
44.16,86.041928
44.17,86.033761
44.18,86.025601
44.19,86.017446
44.20,86.009296
44.21,86.001153
44.22,85.993016
44.23,85.984884
44.24,85.976758
44.25,85.968638
44.26,85.960524
44.27,85.952415
44.28,85.944313
44.29,85.936216
44.30,85.928125
44.31,85.920040
44.32,85.911961
44.33,85.903887
44.34,85.895819
44.35,85.887757
44.36,85.879701
44.37,85.871650
44.38,85.863606
44.39,85.855567
44.40,85.847533
44.41,85.839506
44.42,85.831484
44.43,85.823468
44.44,85.815458
44.45,85.807453
44.46,85.799454
44.47,85.791461
44.48,85.783474
44.49,85.775492
44.50,85.767516
44.51,85.759546
44.52,85.751581
44.53,85.743622
44.54,85.735669
44.55,85.727722
44.56,85.719780
44.57,85.711844
44.58,85.703913
44.59,85.695988
44.60,85.688069
44.61,85.680156
44.62,85.672248
44.63,85.664346
44.64,85.656449
44.65,85.648558
44.66,85.640673
44.67,85.632793
44.68,85.624919
44.69,85.617051
44.70,85.609188
44.71,85.601331
44.72,85.593479
44.73,85.585633
44.74,85.577792
44.75,85.569958
44.76,85.562128
44.77,85.554305
44.78,85.546487
44.79,85.538674
44.80,85.530867
44.81,85.523066
44.82,85.515270
44.83,85.507480
44.84,85.499695
44.85,85.491916
44.86,85.484142
44.87,85.476374
44.88,85.468612
44.89,85.460855
44.90,85.453103
44.91,85.445357
44.92,85.437617
44.93,85.429882
44.94,85.422152
44.95,85.414428
44.96,85.406710
44.97,85.398997
44.98,85.391290
44.99,85.383588
45.00,85.375891
45.01,85.368200
45.02,85.360515
45.03,85.352835
45.04,85.345160
45.05,85.337491
45.06,85.329827
45.07,85.322169
45.08,85.314516
45.09,85.306869
45.10,85.299227
45.11,85.291590
45.12,85.283959
45.13,85.276334
45.14,85.268713
45.15,85.261098
45.16,85.253489
45.17,85.245885
45.18,85.238287
45.19,85.230693
45.20,85.223106
45.21,85.215523
45.22,85.207946
45.23,85.200374
45.24,85.192808
45.25,85.185247
45.26,85.177692
45.27,85.170142
45.28,85.162597
45.29,85.155057
45.30,85.147523
45.31,85.139995
45.32,85.132471
45.33,85.124953
45.34,85.117440
45.35,85.109933
45.36,85.102431
45.37,85.094934
45.38,85.087443
45.39,85.079956
45.40,85.072476
45.41,85.065000
45.42,85.057530
45.43,85.050065
45.44,85.042605
45.45,85.035151
45.46,85.027702
45.47,85.020258
45.48,85.012820
45.49,85.005386
45.50,84.997958
45.51,84.990536
45.52,84.983118
45.53,84.975706
45.54,84.968299
45.55,84.960897
45.56,84.953501
45.57,84.946110
45.58,84.938724
45.59,84.931343
45.60,84.923967
45.61,84.916597
45.62,84.909232
45.63,84.901872
45.64,84.894517
45.65,84.887168
45.66,84.879823
45.67,84.872484
45.68,84.865150
45.69,84.857822
45.70,84.850498
45.71,84.843180
45.72,84.835867
45.73,84.828559
45.74,84.821256
45.75,84.813958
45.76,84.806665
45.77,84.799378
45.78,84.792096
45.79,84.784819
45.80,84.777547
45.81,84.770280
45.82,84.763018
45.83,84.755762
45.84,84.748510
45.85,84.741264
45.86,84.734023
45.87,84.726787
45.88,84.719556
45.89,84.712330
45.90,84.705109
45.91,84.697894
45.92,84.690683
45.93,84.683478
45.94,84.676277
45.95,84.669082
45.96,84.661892
45.97,84.654707
45.98,84.647527
45.99,84.640351
46.00,84.633182
46.01,84.626017
46.02,84.618857
46.03,84.611702
46.04,84.604552
46.05,84.597408
46.06,84.590268
46.07,84.583133
46.08,84.576004
46.09,84.568879
46.10,84.561759
46.11,84.554645
46.12,84.547535
46.13,84.540431
46.14,84.533331
46.15,84.526237
46.16,84.519147
46.17,84.512063
46.18,84.504983
46.19,84.497909
46.20,84.490839
46.21,84.483775
46.22,84.476715
46.23,84.469660
46.24,84.462611
46.25,84.455566
46.26,84.448526
46.27,84.441491
46.28,84.434461
46.29,84.427437
46.30,84.420417
46.31,84.413402
46.32,84.406391
46.33,84.399386
46.34,84.392386
46.35,84.385391
46.36,84.378400
46.37,84.371415
46.38,84.364434
46.39,84.357459
46.40,84.350488
46.41,84.343522
46.42,84.336561
46.43,84.329605
46.44,84.322654
46.45,84.315708
46.46,84.308766
46.47,84.301830
46.48,84.294898
46.49,84.287971
46.50,84.281049
46.51,84.274132
46.52,84.267220
46.53,84.260313
46.54,84.253410
46.55,84.246512
46.56,84.239620
46.57,84.232732
46.58,84.225849
46.59,84.218970
46.60,84.212097
46.61,84.205228
46.62,84.198364
46.63,84.191505
46.64,84.184651
46.65,84.177802
46.66,84.170957
46.67,84.164117
46.68,84.157282
46.69,84.150452
46.70,84.143627
46.71,84.136806
46.72,84.129990
46.73,84.123179
46.74,84.116373
46.75,84.109571
46.76,84.102775
46.77,84.095983
46.78,84.089195
46.79,84.082413
46.80,84.075635
46.81,84.068862
46.82,84.062094
46.83,84.055330
46.84,84.048572
46.85,84.041818
46.86,84.035068
46.87,84.028324
46.88,84.021584
46.89,84.014849
46.90,84.008119
46.91,84.001393
46.92,83.994672
46.93,83.987956
46.94,83.981244
46.95,83.974537
46.96,83.967835
46.97,83.961138
46.98,83.954445
46.99,83.947757
47.00,83.941073
47.01,83.934394
47.02,83.927720
47.03,83.921051
47.04,83.914386
47.05,83.907726
47.06,83.901071
47.07,83.894420
47.08,83.887774
47.09,83.881132
47.10,83.874495
47.11,83.867863
47.12,83.861236
47.13,83.854613
47.14,83.847994
47.15,83.841381
47.16,83.834771
47.17,83.828167
47.18,83.821567
47.19,83.814972
47.20,83.808381
47.21,83.801795
47.22,83.795214
47.23,83.788637
47.24,83.782065
47.25,83.775497
47.26,83.768934
47.27,83.762376
47.28,83.755822
47.29,83.749272
47.30,83.742728
47.31,83.736188
47.32,83.729652
47.33,83.723121
47.34,83.716594
47.35,83.710072
47.36,83.703555
47.37,83.697042
47.38,83.690534
47.39,83.684030
47.40,83.677531
47.41,83.671036
47.42,83.664546
47.43,83.658060
47.44,83.651579
47.45,83.645103
47.46,83.638630
47.47,83.632163
47.48,83.625700
47.49,83.619241
47.50,83.612787
47.51,83.606338
47.52,83.599892
47.53,83.593452
47.54,83.587016
47.55,83.580584
47.56,83.574157
47.57,83.567734
47.58,83.561316
47.59,83.554902
47.60,83.548493
47.61,83.542088
47.62,83.535688
47.63,83.529292
47.64,83.522901
47.65,83.516514
47.66,83.510131
47.67,83.503753
47.68,83.497379
47.69,83.491010
47.70,83.484645
47.71,83.478285
47.72,83.471929
47.73,83.465578
47.74,83.459231
47.75,83.452888
47.76,83.446550
47.77,83.440216
47.78,83.433886
47.79,83.427561
47.80,83.421241
47.81,83.414924
47.82,83.408612
47.83,83.402305
47.84,83.396002
47.85,83.389703
47.86,83.383409
47.87,83.377119
47.88,83.370833
47.89,83.364552
47.90,83.358275
47.91,83.352003
47.92,83.345734
47.93,83.339471
47.94,83.333211
47.95,83.326956
47.96,83.320705
47.97,83.314459
47.98,83.308217
47.99,83.301979
48.00,83.295746
48.01,83.262517
48.02,83.229311
48.03,83.196128
48.04,83.162968
48.05,83.129831
48.06,83.096717
48.07,83.063625
48.08,83.030557
48.09,82.997512
48.10,82.964490
48.11,82.931490
48.12,82.898513
48.13,82.865559
48.14,82.832628
48.15,82.799719
48.16,82.766834
48.17,82.733970
48.18,82.701130
48.19,82.668312
48.20,82.635517
48.21,82.602744
48.22,82.569994
48.23,82.537267
48.24,82.504562
48.25,82.471879
48.26,82.439219
48.27,82.406582
48.28,82.373966
48.29,82.341374
48.30,82.308803
48.31,82.276255
48.32,82.243729
48.33,82.211226
48.34,82.178745
48.35,82.146286
48.36,82.113849
48.37,82.081434
48.38,82.049042
48.39,82.016672
48.40,81.984324
48.41,81.951998
48.42,81.919694
48.43,81.887412
48.44,81.855152
48.45,81.822915
48.46,81.790699
48.47,81.758505
48.48,81.726333
48.49,81.694183
48.50,81.662055
48.51,81.629949
48.52,81.597865
48.53,81.565802
48.54,81.533761
48.55,81.501742
48.56,81.469745
48.57,81.437770
48.58,81.405816
48.59,81.373884
48.60,81.341973
48.61,81.310084
48.62,81.278217
48.63,81.246372
48.64,81.214547
48.65,81.182745
48.66,81.150964
48.67,81.119204
48.68,81.087466
48.69,81.055750
48.70,81.024055
48.71,80.992381
48.72,80.960729
48.73,80.929098
48.74,80.897488
48.75,80.865900
48.76,80.834333
48.77,80.802787
48.78,80.771262
48.79,80.739759
48.80,80.708277
48.81,80.676816
48.82,80.645376
48.83,80.613957
48.84,80.582560
48.85,80.551183
48.86,80.519828
48.87,80.488494
48.88,80.457180
48.89,80.425888
48.90,80.394617
48.91,80.363366
48.92,80.332137
48.93,80.300928
48.94,80.269741
48.95,80.238574
48.96,80.207428
48.97,80.176303
48.98,80.145198
48.99,80.114115
49.00,80.083052
49.01,80.052010
49.02,80.020989
49.03,79.989988
49.04,79.959008
49.05,79.928049
49.06,79.897110
49.07,79.866192
49.08,79.835294
49.09,79.804417
49.10,79.773561
49.11,79.742725
49.12,79.711910
49.13,79.681115
49.14,79.650340
49.15,79.619586
49.16,79.588852
49.17,79.558139
49.18,79.527446
49.19,79.496774
49.20,79.466121
49.21,79.435489
49.22,79.404878
49.23,79.374286
49.24,79.343715
49.25,79.313164
49.26,79.282634
49.27,79.252123
49.28,79.221633
49.29,79.191162
49.30,79.160712
49.31,79.130282
49.32,79.099872
49.33,79.069482
49.34,79.039112
49.35,79.008762
49.36,78.978432
49.37,78.948122
49.38,78.917832
49.39,78.887562
49.40,78.857312
49.41,78.827082
49.42,78.796871
49.43,78.766681
49.44,78.736510
49.45,78.706359
49.46,78.676228
49.47,78.646116
49.48,78.616024
49.49,78.585952
49.50,78.555900
49.51,78.525868
49.52,78.495855
49.53,78.465861
49.54,78.435888
49.55,78.405933
49.56,78.375999
49.57,78.346084
49.58,78.316188
49.59,78.286313
49.60,78.256456
49.61,78.226619
49.62,78.196802
49.63,78.167003
49.64,78.137225
49.65,78.107466
49.66,78.077726
49.67,78.048005
49.68,78.018304
49.69,77.988622
49.70,77.958959
49.71,77.929316
49.72,77.899692
49.73,77.870087
49.74,77.840502
49.75,77.810935
49.76,77.781388
49.77,77.751860
49.78,77.722351
49.79,77.692861
49.80,77.663390
49.81,77.633938
49.82,77.604506
49.83,77.575092
49.84,77.545698
49.85,77.516322
49.86,77.486966
49.87,77.457628
49.88,77.428309
49.89,77.399009
49.90,77.369729
49.91,77.340467
49.92,77.311224
49.93,77.281999
49.94,77.252794
49.95,77.223607
49.96,77.194439
49.97,77.165290
49.98,77.136160
49.99,77.107048
50.00,77.077955
50.01,77.048881
50.02,77.019826
50.03,76.990789
50.04,76.961770
50.05,76.932771
50.06,76.903790
50.07,76.874827
50.08,76.845883
50.09,76.816958
50.10,76.788051
50.11,76.759163
50.12,76.730293
50.13,76.701442
50.14,76.672609
50.15,76.643794
50.16,76.614998
50.17,76.586220
50.18,76.557461
50.19,76.528720
50.20,76.499997
50.21,76.471293
50.22,76.442607
50.23,76.413939
50.24,76.385289
50.25,76.356658
50.26,76.328045
50.27,76.299450
50.28,76.270873
50.29,76.242315
50.30,76.213774
50.31,76.185252
50.32,76.156748
50.33,76.128262
50.34,76.099794
50.35,76.071344
50.36,76.042912
50.37,76.014498
50.38,75.986103
50.39,75.957725
50.40,75.929365
50.41,75.901023
50.42,75.872699
50.43,75.844393
50.44,75.816104
50.45,75.787834
50.46,75.759582
50.47,75.731347
50.48,75.703130
50.49,75.674931
50.50,75.646750
50.51,75.618586
50.52,75.590441
50.53,75.562313
50.54,75.534203
50.55,75.506110
50.56,75.478035
50.57,75.449978
50.58,75.421938
50.59,75.393916
50.60,75.365912
50.61,75.337925
50.62,75.309956
50.63,75.282004
50.64,75.254070
50.65,75.226154
50.66,75.198255
50.67,75.170373
50.68,75.142509
50.69,75.114662
50.70,75.086833
50.71,75.059021
50.72,75.031227
50.73,75.003450
50.74,74.975690
50.75,74.947948
50.76,74.920223
50.77,74.892515
50.78,74.864825
50.79,74.837152
50.80,74.809496
50.81,74.781857
50.82,74.754236
50.83,74.726632
50.84,74.699045
50.85,74.671475
50.86,74.643923
50.87,74.616387
50.88,74.588869
50.89,74.561368
50.90,74.533883
50.91,74.506416
50.92,74.478966
50.93,74.451533
50.94,74.424117
50.95,74.396718
50.96,74.369336
50.97,74.341971
50.98,74.314623
50.99,74.287292
51.00,74.259978
51.01,74.232681
51.02,74.205400
51.03,74.178137
51.04,74.150890
51.05,74.123660
51.06,74.096447
51.07,74.069251
51.08,74.042072
51.09,74.014909
51.10,73.987763
51.11,73.960634
51.12,73.933522
51.13,73.906426
51.14,73.879347
51.15,73.852285
51.16,73.825239
51.17,73.798210
51.18,73.771198
51.19,73.744202
51.20,73.717223
51.21,73.690260
51.22,73.663314
51.23,73.636385
51.24,73.609472
51.25,73.582575
51.26,73.555695
51.27,73.528832
51.28,73.501985
51.29,73.475154
51.30,73.448340
51.31,73.421542
51.32,73.394761
51.33,73.367996
51.34,73.341247
51.35,73.314515
51.36,73.287799
51.37,73.261100
51.38,73.234416
51.39,73.207749
51.40,73.181098
51.41,73.154464
51.42,73.127846
51.43,73.101244
51.44,73.074658
51.45,73.048088
51.46,73.021535
51.47,72.994998
51.48,72.968477
51.49,72.941972
51.50,72.915483
51.51,72.889010
51.52,72.862553
51.53,72.836113
51.54,72.809688
51.55,72.783279
51.56,72.756887
51.57,72.730510
51.58,72.704150
51.59,72.677805
51.60,72.651477
51.61,72.625164
51.62,72.598867
51.63,72.572587
51.64,72.546322
51.65,72.520073
51.66,72.493839
51.67,72.467622
51.68,72.441421
51.69,72.415235
51.70,72.389065
51.71,72.362911
51.72,72.336773
51.73,72.310650
51.74,72.284543
51.75,72.258452
51.76,72.232377
51.77,72.206317
51.78,72.180273
51.79,72.154245
51.80,72.128232
51.81,72.102235
51.82,72.076254
51.83,72.050288
51.84,72.024338
51.85,71.998403
51.86,71.972484
51.87,71.946581
51.88,71.920693
51.89,71.894820
51.90,71.868964
51.91,71.843122
51.92,71.817296
51.93,71.791486
51.94,71.765691
51.95,71.739911
51.96,71.714147
51.97,71.688398
51.98,71.662664
51.99,71.636946
52.00,71.611244
52.01,71.585556
52.02,71.559884
52.03,71.534227
52.04,71.508586
52.05,71.482960
52.06,71.457349
52.07,71.431753
52.08,71.406173
52.09,71.380608
52.10,71.355058
52.11,71.329523
52.12,71.304003
52.13,71.278499
52.14,71.253010
52.15,71.227536
52.16,71.202077
52.17,71.176633
52.18,71.151204
52.19,71.125790
52.20,71.100392
52.21,71.075008
52.22,71.049639
52.23,71.024286
52.24,70.998947
52.25,70.973624
52.26,70.948315
52.27,70.923022
52.28,70.897743
52.29,70.872479
52.30,70.847230
52.31,70.821997
52.32,70.796778
52.33,70.771573
52.34,70.746384
52.35,70.721210
52.36,70.696050
52.37,70.670906
52.38,70.645776
52.39,70.620661
52.40,70.595560
52.41,70.570475
52.42,70.545404
52.43,70.520348
52.44,70.495307
52.45,70.470280
52.46,70.445268
52.47,70.420271
52.48,70.395288
52.49,70.370320
52.50,70.345367
52.51,70.320428
52.52,70.295504
52.53,70.270595
52.54,70.245700
52.55,70.220820
52.56,70.195954
52.57,70.171103
52.58,70.146267
52.59,70.121444
52.60,70.096637
52.61,70.071844
52.62,70.047065
52.63,70.022301
52.64,69.997551
52.65,69.972816
52.66,69.948095
52.67,69.923389
52.68,69.898697
52.69,69.874019
52.70,69.849356
52.71,69.824707
52.72,69.800073
52.73,69.775452
52.74,69.750847
52.75,69.726255
52.76,69.701678
52.77,69.677115
52.78,69.652566
52.79,69.628031
52.80,69.603511
52.81,69.579005
52.82,69.554513
52.83,69.530036
52.84,69.505572
52.85,69.481123
52.86,69.456688
52.87,69.432267
52.88,69.407860
52.89,69.383467
52.90,69.359089
52.91,69.334724
52.92,69.310374
52.93,69.286037
52.94,69.261715
52.95,69.237407
52.96,69.213113
52.97,69.188832
52.98,69.164566
52.99,69.140314
53.00,69.116076
53.01,68.965851
53.02,68.815713
53.03,68.665662
53.04,68.515696
53.05,68.365816
53.06,68.216022
53.07,68.066312
53.08,67.916688
53.09,67.767148
53.10,67.617694
53.11,67.468323
53.12,67.319036
53.13,67.169834
53.14,67.020715
53.15,66.871679
53.16,66.722726
53.17,66.573857
53.18,66.425070
53.19,66.276365
53.20,66.127743
53.21,65.979202
53.22,65.830744
53.23,65.682367
53.24,65.534071
53.25,65.385856
53.26,65.237723
53.27,65.089669
53.28,64.941697
53.29,64.793804
53.30,64.645991
53.31,64.498258
53.32,64.350605
53.33,64.203031
53.34,64.055536
53.35,63.908119
53.36,63.760782
53.37,63.613522
53.38,63.466341
53.39,63.319238
53.40,63.172212
53.41,63.025264
53.42,62.878394
53.43,62.731600
53.44,62.584883
53.45,62.438243
53.46,62.291679
53.47,62.145191
53.48,61.998779
53.49,61.852443
53.50,61.706183
53.51,61.559998
53.52,61.413888
53.53,61.267852
53.54,61.121892
53.55,60.976005
53.56,60.830193
53.57,60.684455
53.58,60.538791
53.59,60.393201
53.60,60.247683
53.61,60.102239
53.62,59.956868
53.63,59.811570
53.64,59.666344
53.65,59.521190
53.66,59.376109
53.67,59.231099
53.68,59.086161
53.69,58.941294
53.70,58.796499
53.71,58.651775
53.72,58.507121
53.73,58.362538
53.74,58.218026
53.75,58.073584
53.76,57.929212
53.77,57.784909
53.78,57.640676
53.79,57.496513
53.80,57.352418
53.81,57.208393
53.82,57.064436
53.83,56.920548
53.84,56.776728
53.85,56.632977
53.86,56.489293
53.87,56.345677
53.88,56.202128
53.89,56.058647
53.90,55.915233
53.91,55.771886
53.92,55.628606
53.93,55.485392
53.94,55.342244
53.95,55.199163
53.96,55.056147
53.97,54.913197
53.98,54.770313
53.99,54.627494
54.00,54.484739
54.01,54.342050
54.02,54.199426
54.03,54.056866
54.04,53.914370
54.05,53.771939
54.06,53.629571
54.07,53.487267
54.08,53.345027
54.09,53.202850
54.10,53.060736
54.11,52.918685
54.12,52.776697
54.13,52.634771
54.14,52.492908
54.15,52.351106
54.16,52.209367
54.17,52.067690
54.18,51.926074
54.19,51.784519
54.20,51.643025
54.21,51.501593
54.22,51.360221
54.23,51.218910
54.24,51.077659
54.25,50.936469
54.26,50.795338
54.27,50.654268
54.28,50.513256
54.29,50.372305
54.30,50.231412
54.31,50.090579
54.32,49.949805
54.33,49.809089
54.34,49.668432
54.35,49.527833
54.36,49.387292
54.37,49.246809
54.38,49.106384
54.39,48.966016
54.40,48.825706
54.41,48.685453
54.42,48.545257
54.43,48.405117
54.44,48.265034
54.45,48.125008
54.46,47.985038
54.47,47.845124
54.48,47.705266
54.49,47.565463
54.50,47.425716
54.51,47.286025
54.52,47.146388
54.53,47.006807
54.54,46.867280
54.55,46.727808
54.56,46.588390
54.57,46.449026
54.58,46.309716
54.59,46.170461
54.60,46.031258
54.61,45.892110
54.62,45.753014
54.63,45.613972
54.64,45.474983
54.65,45.336046
54.66,45.197162
54.67,45.058331
54.68,44.919551
54.69,44.780824
54.70,44.642149
54.71,44.503525
54.72,44.364952
54.73,44.226431
54.74,44.087961
54.75,43.949542
54.76,43.811174
54.77,43.672857
54.78,43.534590
54.79,43.396373
54.80,43.258206
54.81,43.120089
54.82,42.982022
54.83,42.844004
54.84,42.706035
54.85,42.568116
54.86,42.430246
54.87,42.292425
54.88,42.154652
54.89,42.016928
54.90,41.879252
54.91,41.741624
54.92,41.604044
54.93,41.466512
54.94,41.329028
54.95,41.191591
54.96,41.054201
54.97,40.916858
54.98,40.779562
54.99,40.642313
55.00,40.505111
55.01,40.367955
55.02,40.230845
55.03,40.093781
55.04,39.956763
55.05,39.819791
55.06,39.682864
55.07,39.545983
55.08,39.409146
55.09,39.272355
55.10,39.135609
55.11,38.998907
55.12,38.862250
55.13,38.725637
55.14,38.589069
55.15,38.452544
55.16,38.316063
55.17,38.179626
55.18,38.043232
55.19,37.906882
55.20,37.770575
55.21,37.634311
55.22,37.498089
55.23,37.361910
55.24,37.225774
55.25,37.089680
55.26,36.953628
55.27,36.817618
55.28,36.681650
55.29,36.545724
55.30,36.409839
55.31,36.273995
55.32,36.138193
55.33,36.002431
55.34,35.866710
55.35,35.731030
55.36,35.595391
55.37,35.459791
55.38,35.324232
55.39,35.188713
55.40,35.053234
55.41,34.917794
55.42,34.782394
55.43,34.647033
55.44,34.511711
55.45,34.376429
55.46,34.241185
55.47,34.105979
55.48,33.970813
55.49,33.835684
55.50,33.700594
55.51,33.565542
55.52,33.430527
55.53,33.295551
55.54,33.160612
55.55,33.025710
55.56,32.890845
55.57,32.756018
55.58,32.621227
55.59,32.486473
55.60,32.351756
55.61,32.217075
55.62,32.082430
55.63,31.947821
55.64,31.813249
55.65,31.678712
55.66,31.544210
55.67,31.409744
55.68,31.275313
55.69,31.140918
55.70,31.006557
55.71,30.872231
55.72,30.737940
55.73,30.603683
55.74,30.469461
55.75,30.335273
55.76,30.201118
55.77,30.066998
55.78,29.932911
55.79,29.798858
55.80,29.664838
55.81,29.530851
55.82,29.396898
55.83,29.262977
55.84,29.129089
55.85,28.995234
55.86,28.861410
55.87,28.727620
55.88,28.593861
55.89,28.460134
55.90,28.326439
55.91,28.192776
55.92,28.059144
55.93,27.925544
55.94,27.791975
55.95,27.658436
55.96,27.524929
55.97,27.391452
55.98,27.258006
55.99,27.124590
56.00,26.991204
56.01,26.857849
56.02,26.724523
56.03,26.591227
56.04,26.457961
56.05,26.324724
56.06,26.191517
56.07,26.058339
56.08,25.925189
56.09,25.792069
56.10,25.658977
56.11,25.525914
56.12,25.392879
56.13,25.259872
56.14,25.126894
56.15,24.993943
56.16,24.861020
56.17,24.728125
56.18,24.595257
56.19,24.462416
56.20,24.329603
56.21,24.196817
56.22,24.064057
56.23,23.931324
56.24,23.798618
56.25,23.665938
56.26,23.533285
56.27,23.400657
56.28,23.268055
56.29,23.135480
56.30,23.002929
56.31,22.870405
56.32,22.737905
56.33,22.605431
56.34,22.472982
56.35,22.340557
56.36,22.208158
56.37,22.075783
56.38,21.943432
56.39,21.811106
56.40,21.678804
56.41,21.546526
56.42,21.414271
56.43,21.282040
56.44,21.149833
56.45,21.017649
56.46,20.885489
56.47,20.753351
56.48,20.621237
56.49,20.489145
56.50,20.357076
56.51,20.225029
56.52,20.093005
56.53,19.961002
56.54,19.829022
56.55,19.697064
56.56,19.565127
56.57,19.433212
56.58,19.301319
56.59,19.169447
56.60,19.037596
56.61,18.905765
56.62,18.773956
56.63,18.642168
56.64,18.510400
56.65,18.378652
56.66,18.246924
56.67,18.115217
56.68,17.983530
56.69,17.851862
56.70,17.720214
56.71,17.588586
56.72,17.456977
56.73,17.325387
56.74,17.193817
56.75,17.062265
56.76,16.930732
56.77,16.799217
56.78,16.667722
56.79,16.536244
56.80,16.404785
56.81,16.273343
56.82,16.141920
56.83,16.010514
56.84,15.879126
56.85,15.747756
56.86,15.616402
56.87,15.485066
56.88,15.353747
56.89,15.222445
56.90,15.091159
56.91,14.959890
56.92,14.828638
56.93,14.697402
56.94,14.566182
56.95,14.434978
56.96,14.303789
56.97,14.172617
56.98,14.041460
56.99,13.910318
57.00,13.779192
57.01,13.648081
57.02,13.516985
57.03,13.385904
57.04,13.254837
57.05,13.123785
57.06,12.992747
57.07,12.861724
57.08,12.730715
57.09,12.599719
57.10,12.468738
57.11,12.337770
57.12,12.206816
57.13,12.075875
57.14,11.944947
57.15,11.814033
57.16,11.683131
57.17,11.552243
57.18,11.421367
57.19,11.290503
57.20,11.159652
57.21,11.028813
57.22,10.897986
57.23,10.767171
57.24,10.636368
57.25,10.505577
57.26,10.374797
57.27,10.244029
57.28,10.113271
57.29,9.982525
57.30,9.851790
57.31,9.721066
57.32,9.590352
57.33,9.459649
57.34,9.328956
57.35,9.198273
57.36,9.067601
57.37,8.936938
57.38,8.806285
57.39,8.675642
57.40,8.545008
57.41,8.414384
57.42,8.283769
57.43,8.153163
57.44,8.022566
57.45,7.891978
57.46,7.761399
57.47,7.630828
57.48,7.500265
57.49,7.369711
57.50,7.239164
57.51,7.108626
57.52,6.978095
57.53,6.847572
57.54,6.717057
57.55,6.586549
57.56,6.456048
57.57,6.325555
57.58,6.195068
57.59,6.064588
57.60,5.934115
57.61,5.803648
57.62,5.673188
57.63,5.542734
57.64,5.412286
57.65,5.281844
57.66,5.151407
57.67,5.020977
57.68,4.890552
57.69,4.760132
57.70,4.629718
57.71,4.499308
57.72,4.368904
57.73,4.238504
57.74,4.108110
57.75,3.977719
57.76,3.847333
57.77,3.716952
57.78,3.586574
57.79,3.456201
57.80,3.325831
57.81,3.195465
57.82,3.065102
57.83,2.934743
57.84,2.804387
57.85,2.674034
57.86,2.543685
57.87,2.413338
57.88,2.282993
57.89,2.152652
57.90,2.022312
57.91,1.891975
57.92,1.761640
57.93,1.631307
57.94,1.500976
57.95,1.370647
57.96,1.240319
57.97,1.109993
57.98,0.979668
57.99,0.849344
58.00,0.719021
58.01,0.588698
58.02,0.458377
58.03,0.328056
58.04,0.197736
58.05,0.067415
58.06,0.000000
58.07,0.000000
58.08,0.000000
58.09,0.000000
58.10,0.000000
58.11,0.000000
58.12,0.000000
58.13,0.000000
58.14,0.000000
58.15,0.000000
58.16,0.000000
58.17,0.000000
58.18,0.000000
58.19,0.000000
58.20,0.000000
58.21,0.000000
58.22,0.000000
58.23,0.000000
58.24,0.000000
58.25,0.000000
58.26,0.000000
58.27,0.000000
58.28,0.000000
58.29,0.000000
58.30,0.000000
58.31,0.000000
58.32,0.000000
58.33,0.000000
58.34,0.000000
58.35,0.000000
58.36,0.000000
58.37,0.000000
58.38,0.000000
58.39,0.000000
58.40,0.000000
58.41,0.000000
58.42,0.000000
58.43,0.000000
58.44,0.000000
58.45,0.000000
58.46,0.000000
58.47,0.000000
58.48,0.000000
58.49,0.000000
58.50,0.000000
58.51,0.000000
58.52,0.000000
58.53,0.000000
58.54,0.000000
58.55,0.000000
58.56,0.000000
58.57,0.000000
58.58,0.000000
58.59,0.000000
58.60,0.000000
58.61,0.000000
58.62,0.000000
58.63,0.000000
58.64,0.000000
58.65,0.000000
58.66,0.000000
58.67,0.000000
58.68,0.000000
58.69,0.000000
58.70,0.000000
58.71,0.000000
58.72,0.000000
58.73,0.000000
58.74,0.000000
58.75,0.000000
58.76,0.000000
58.77,0.000000
58.78,0.000000
58.79,0.000000
58.80,0.000000
58.81,0.000000
58.82,0.000000
58.83,0.000000
58.84,0.000000
58.85,0.000000
58.86,0.000000
58.87,0.000000
58.88,0.000000
58.89,0.000000
58.90,0.000000
58.91,0.000000
58.92,0.000000
58.93,0.000000
58.94,0.000000
58.95,0.000000
58.96,0.000000
58.97,0.000000
58.98,0.000000
58.99,0.000000
59.00,0.000000
59.01,0.000000
59.02,0.000000
59.03,0.000000
59.04,0.000000
59.05,0.000000
59.06,0.000000
59.07,0.000000
59.08,0.000000
59.09,0.000000
59.10,0.000000
59.11,0.000000
59.12,0.000000
59.13,0.000000
59.14,0.000000
59.15,0.000000
59.16,0.000000
59.17,0.000000
59.18,0.000000
59.19,0.000000
59.20,0.000000
59.21,0.000000
59.22,0.000000
59.23,0.000000
59.24,0.000000
59.25,0.000000
59.26,0.000000
59.27,0.000000
59.28,0.000000
59.29,0.000000
59.30,0.000000
59.31,0.000000
59.32,0.000000
59.33,0.000000
59.34,0.000000
59.35,0.000000
59.36,0.000000
59.37,0.000000
59.38,0.000000
59.39,0.000000
59.40,0.000000
59.41,0.000000
59.42,0.000000
59.43,0.000000
59.44,0.000000
59.45,0.000000
59.46,0.000000
59.47,0.000000
59.48,0.000000
59.49,0.000000
59.50,0.000000
59.51,0.000000
59.52,0.000000
59.53,0.000000
59.54,0.000000
59.55,0.000000
59.56,0.000000
59.57,0.000000
59.58,0.000000
59.59,0.000000
59.60,0.000000
59.61,0.000000
59.62,0.000000
59.63,0.000000
59.64,0.000000
59.65,0.000000
59.66,0.000000
59.67,0.000000
59.68,0.000000
59.69,0.000000
59.70,0.000000
59.71,0.000000
59.72,0.000000
59.73,0.000000
59.74,0.000000
59.75,0.000000
59.76,0.000000
59.77,0.000000
59.78,0.000000
59.79,0.000000
59.80,0.000000
59.81,0.000000
59.82,0.000000
59.83,0.000000
59.84,0.000000
59.85,0.000000
59.86,0.000000
59.87,0.000000
59.88,0.000000
59.89,0.000000
59.90,0.000000
59.91,0.000000
59.92,0.000000
59.93,0.000000
59.94,0.000000
59.95,0.000000
59.96,0.000000
59.97,0.000000
59.98,0.000000
59.99,0.000000
